year,value,host,type_fdi,home,indicator
2007,NA,ALB,total,ESP,million_USD
2008,NA,ALB,total,ESP,million_USD
2009,NA,ALB,total,ESP,million_USD
2010,NA,ALB,total,ESP,million_USD
2011,NA,ALB,total,ESP,million_USD
2012,NA,ALB,total,ESP,million_USD
2013,NA,ALB,total,ESP,million_USD
2014,NA,ALB,total,ESP,million_USD
2015,NA,ALB,total,ESP,million_USD
2016,NA,ALB,total,ESP,million_USD
2017,NA,ALB,total,ESP,million_USD
2018,NA,ALB,total,ESP,million_USD
2019,NA,ALB,total,ESP,million_USD
2007,NA,AGO,total,ESP,million_USD
2008,NA,AGO,total,ESP,million_USD
2009,0.22316509474753052,AGO,total,ESP,million_USD
2010,-2.3200041362359456,AGO,total,ESP,million_USD
2011,NA,AGO,total,ESP,million_USD
2012,NA,AGO,total,ESP,million_USD
2013,NA,AGO,total,ESP,million_USD
2014,NA,AGO,total,ESP,million_USD
2015,NA,AGO,total,ESP,million_USD
2016,NA,AGO,total,ESP,million_USD
2017,NA,AGO,total,ESP,million_USD
2018,NA,AGO,total,ESP,million_USD
2019,NA,AGO,total,ESP,million_USD
2007,5610.890920852108,ARG,total,ESP,million_USD
2008,8503.948241197899,ARG,total,ESP,million_USD
2009,7219.711614906313,ARG,total,ESP,million_USD
2010,6892.334573762213,ARG,total,ESP,million_USD
2011,7228.450447791942,ARG,total,ESP,million_USD
2012,6267.624091333073,ARG,total,ESP,million_USD
2013,4675.786412022125,ARG,total,ESP,million_USD
2014,4241.16015346845,ARG,total,ESP,million_USD
2015,3810.845715503009,ARG,total,ESP,million_USD
2016,2379.1122854128917,ARG,total,ESP,million_USD
2017,4224.1241021863825,ARG,total,ESP,million_USD
2018,4063.1550604471327,ARG,total,ESP,million_USD
2019,2785.48847164818,ARG,total,ESP,million_USD
2007,NA,AZE,total,ESP,million_USD
2008,NA,AZE,total,ESP,million_USD
2009,NA,AZE,total,ESP,million_USD
2010,NA,AZE,total,ESP,million_USD
2011,NA,AZE,total,ESP,million_USD
2012,NA,AZE,total,ESP,million_USD
2013,NA,AZE,total,ESP,million_USD
2014,NA,AZE,total,ESP,million_USD
2015,NA,AZE,total,ESP,million_USD
2016,NA,AZE,total,ESP,million_USD
2017,NA,AZE,total,ESP,million_USD
2018,NA,AZE,total,ESP,million_USD
2019,NA,AZE,total,ESP,million_USD
2007,168.66482474317226,BOL,total,ESP,million_USD
2008,455.801612829688,BOL,total,ESP,million_USD
2009,299.80835697488556,BOL,total,ESP,million_USD
2010,336.9441435804159,BOL,total,ESP,million_USD
2011,162.3297986954597,BOL,total,ESP,million_USD
2012,217.81025724042766,BOL,total,ESP,million_USD
2013,166.4929045282192,BOL,total,ESP,million_USD
2014,362.8136591172376,BOL,total,ESP,million_USD
2015,330.66828211819427,BOL,total,ESP,million_USD
2016,358.23829643101067,BOL,total,ESP,million_USD
2017,134.33031407378618,BOL,total,ESP,million_USD
2018,13.651828766387215,BOL,total,ESP,million_USD
2019,37.424043632651056,BOL,total,ESP,million_USD
2007,NA,BWA,total,ESP,million_USD
2008,NA,BWA,total,ESP,million_USD
2009,NA,BWA,total,ESP,million_USD
2010,NA,BWA,total,ESP,million_USD
2011,NA,BWA,total,ESP,million_USD
2012,NA,BWA,total,ESP,million_USD
2013,NA,BWA,total,ESP,million_USD
2014,NA,BWA,total,ESP,million_USD
2015,NA,BWA,total,ESP,million_USD
2016,NA,BWA,total,ESP,million_USD
2017,NA,BWA,total,ESP,million_USD
2018,NA,BWA,total,ESP,million_USD
2019,NA,BWA,total,ESP,million_USD
2007,2727.70505103663,BRA,total,ESP,million_USD
2008,2159.303332877399,BRA,total,ESP,million_USD
2009,3301.769420244979,BRA,total,ESP,million_USD
2010,3901.849242154078,BRA,total,ESP,million_USD
2011,3589.2396306308056,BRA,total,ESP,million_USD
2012,3267.9889713723337,BRA,total,ESP,million_USD
2013,2895.5102962367773,BRA,total,ESP,million_USD
2014,2539.3369185150545,BRA,total,ESP,million_USD
2015,1569.850526353162,BRA,total,ESP,million_USD
2016,1772.4958795511732,BRA,total,ESP,million_USD
2017,2019.5638077464453,BRA,total,ESP,million_USD
2018,1319.1847165651243,BRA,total,ESP,million_USD
2019,2528.468244976916,BRA,total,ESP,million_USD
2007,NA,CMR,total,ESP,million_USD
2008,NA,CMR,total,ESP,million_USD
2009,NA,CMR,total,ESP,million_USD
2010,NA,CMR,total,ESP,million_USD
2011,NA,CMR,total,ESP,million_USD
2012,NA,CMR,total,ESP,million_USD
2013,NA,CMR,total,ESP,million_USD
2014,NA,CMR,total,ESP,million_USD
2015,NA,CMR,total,ESP,million_USD
2016,NA,CMR,total,ESP,million_USD
2017,NA,CMR,total,ESP,million_USD
2018,NA,CMR,total,ESP,million_USD
2019,NA,CMR,total,ESP,million_USD
2007,31.753993575195434,CHN,total,ESP,million_USD
2008,32.00362393976964,CHN,total,ESP,million_USD
2009,96.29573838355941,CHN,total,ESP,million_USD
2010,75.59236334181348,CHN,total,ESP,million_USD
2011,70.85051237865633,CHN,total,ESP,million_USD
2012,132.66729878279102,CHN,total,ESP,million_USD
2013,194.3037008015194,CHN,total,ESP,million_USD
2014,194.26672051524588,CHN,total,ESP,million_USD
2015,104.79354174433259,CHN,total,ESP,million_USD
2016,127.69240475924292,CHN,total,ESP,million_USD
2017,87.82136587415812,CHN,total,ESP,million_USD
2018,202.34466616200564,CHN,total,ESP,million_USD
2019,171.74982872035076,CHN,total,ESP,million_USD
2007,74.75961802015152,COL,total,ESP,million_USD
2008,243.43933063008603,COL,total,ESP,million_USD
2009,369.79850981507985,COL,total,ESP,million_USD
2010,443.00147552263064,COL,total,ESP,million_USD
2011,1179.2225652618129,COL,total,ESP,million_USD
2012,2328.8083069309223,COL,total,ESP,million_USD
2013,2310.062487963929,COL,total,ESP,million_USD
2014,3069.555005260865,COL,total,ESP,million_USD
2015,2450.3270845537986,COL,total,ESP,million_USD
2016,1974.8157282153059,COL,total,ESP,million_USD
2017,2250.176795005908,COL,total,ESP,million_USD
2018,2511.3223969115693,COL,total,ESP,million_USD
2019,1983.4071440405876,COL,total,ESP,million_USD
2007,NA,COG,total,ESP,million_USD
2008,NA,COG,total,ESP,million_USD
2009,NA,COG,total,ESP,million_USD
2010,NA,COG,total,ESP,million_USD
2011,NA,COG,total,ESP,million_USD
2012,NA,COG,total,ESP,million_USD
2013,NA,COG,total,ESP,million_USD
2014,NA,COG,total,ESP,million_USD
2015,NA,COG,total,ESP,million_USD
2016,NA,COG,total,ESP,million_USD
2017,NA,COG,total,ESP,million_USD
2018,NA,COG,total,ESP,million_USD
2019,NA,COG,total,ESP,million_USD
2007,NA,CIV,total,ESP,million_USD
2008,0,CIV,total,ESP,million_USD
2009,NA,CIV,total,ESP,million_USD
2010,NA,CIV,total,ESP,million_USD
2011,NA,CIV,total,ESP,million_USD
2012,NA,CIV,total,ESP,million_USD
2013,NA,CIV,total,ESP,million_USD
2014,NA,CIV,total,ESP,million_USD
2015,NA,CIV,total,ESP,million_USD
2016,NA,CIV,total,ESP,million_USD
2017,NA,CIV,total,ESP,million_USD
2018,NA,CIV,total,ESP,million_USD
2019,NA,CIV,total,ESP,million_USD
2007,0,ECU,total,ESP,million_USD
2008,13.722142066086894,ECU,total,ESP,million_USD
2009,-0.25106073159097186,ECU,total,ESP,million_USD
2010,21.52963838426957,ECU,total,ESP,million_USD
2011,30.24718337894306,ECU,total,ESP,million_USD
2012,167.49792506597393,ECU,total,ESP,million_USD
2013,200.78491788908886,ECU,total,ESP,million_USD
2014,142.12305108883953,ECU,total,ESP,million_USD
2015,144.4808364843514,ECU,total,ESP,million_USD
2016,288.514435683917,ECU,total,ESP,million_USD
2017,411.8815281414721,ECU,total,ESP,million_USD
2018,465.933609125468,ECU,total,ESP,million_USD
2019,334.8237274929586,ECU,total,ESP,million_USD
2007,399.7686631801686,EGY,total,ESP,million_USD
2008,508.07223759160956,EGY,total,ESP,million_USD
2009,466.6661087539299,EGY,total,ESP,million_USD
2010,385.01462928322474,EGY,total,ESP,million_USD
2011,372.4871731341538,EGY,total,ESP,million_USD
2012,367.9892283301085,EGY,total,ESP,million_USD
2013,327.48739947804955,EGY,total,ESP,million_USD
2014,360.39578705721055,EGY,total,ESP,million_USD
2015,379.44249170083964,EGY,total,ESP,million_USD
2016,177.3702404526793,EGY,total,ESP,million_USD
2017,55.89659356127274,EGY,total,ESP,million_USD
2018,201.84866546288083,EGY,total,ESP,million_USD
2019,217.53634934779396,EGY,total,ESP,million_USD
2007,NA,SLV,total,ESP,million_USD
2008,NA,SLV,total,ESP,million_USD
2009,NA,SLV,total,ESP,million_USD
2010,0,SLV,total,ESP,million_USD
2011,0,SLV,total,ESP,million_USD
2012,58.23947950633273,SLV,total,ESP,million_USD
2013,83.33942054200506,SLV,total,ESP,million_USD
2014,139.37305374584184,SLV,total,ESP,million_USD
2015,90.5141041344908,SLV,total,ESP,million_USD
2016,101.61375482748353,SLV,total,ESP,million_USD
2017,106.77740548527689,SLV,total,ESP,million_USD
2018,113.91482723232792,SLV,total,ESP,million_USD
2019,403.50350843412343,SLV,total,ESP,million_USD
2007,-22.092118102380248,PHL,total,ESP,million_USD
2008,NA,PHL,total,ESP,million_USD
2009,NA,PHL,total,ESP,million_USD
2010,NA,PHL,total,ESP,million_USD
2011,NA,PHL,total,ESP,million_USD
2012,-13.734393027193843,PHL,total,ESP,million_USD
2013,409.47213939929213,PHL,total,ESP,million_USD
2014,426.1433080740985,PHL,total,ESP,million_USD
2015,730.3261081819957,PHL,total,ESP,million_USD
2016,720.8931384149804,PHL,total,ESP,million_USD
2017,379.2789474992261,PHL,total,ESP,million_USD
2018,7.5699154318807995,PHL,total,ESP,million_USD
2019,7.500481374177746,PHL,total,ESP,million_USD
2007,NA,GAB,total,ESP,million_USD
2008,NA,GAB,total,ESP,million_USD
2009,NA,GAB,total,ESP,million_USD
2010,NA,GAB,total,ESP,million_USD
2011,NA,GAB,total,ESP,million_USD
2012,NA,GAB,total,ESP,million_USD
2013,NA,GAB,total,ESP,million_USD
2014,NA,GAB,total,ESP,million_USD
2015,NA,GAB,total,ESP,million_USD
2016,NA,GAB,total,ESP,million_USD
2017,NA,GAB,total,ESP,million_USD
2018,NA,GAB,total,ESP,million_USD
2019,NA,GAB,total,ESP,million_USD
2007,NA,GEO,total,ESP,million_USD
2008,NA,GEO,total,ESP,million_USD
2009,NA,GEO,total,ESP,million_USD
2010,NA,GEO,total,ESP,million_USD
2011,NA,GEO,total,ESP,million_USD
2012,NA,GEO,total,ESP,million_USD
2013,NA,GEO,total,ESP,million_USD
2014,NA,GEO,total,ESP,million_USD
2015,NA,GEO,total,ESP,million_USD
2016,NA,GEO,total,ESP,million_USD
2017,NA,GEO,total,ESP,million_USD
2018,NA,GEO,total,ESP,million_USD
2019,NA,GEO,total,ESP,million_USD
2007,NA,GHA,total,ESP,million_USD
2008,NA,GHA,total,ESP,million_USD
2009,NA,GHA,total,ESP,million_USD
2010,NA,GHA,total,ESP,million_USD
2011,NA,GHA,total,ESP,million_USD
2012,NA,GHA,total,ESP,million_USD
2013,0,GHA,total,ESP,million_USD
2014,0,GHA,total,ESP,million_USD
2015,NA,GHA,total,ESP,million_USD
2016,NA,GHA,total,ESP,million_USD
2017,NA,GHA,total,ESP,million_USD
2018,NA,GHA,total,ESP,million_USD
2019,NA,GHA,total,ESP,million_USD
2007,1.6171649727548818,GTM,total,ESP,million_USD
2008,0.5441792673582155,GTM,total,ESP,million_USD
2009,4.9235799028673934,GTM,total,ESP,million_USD
2010,6.23086825160511,GTM,total,ESP,million_USD
2011,8.073339328019777,GTM,total,ESP,million_USD
2012,162.1917470302106,GTM,total,ESP,million_USD
2013,211.22392737849378,GTM,total,ESP,million_USD
2014,327.688089190252,GTM,total,ESP,million_USD
2015,264.25280928795866,GTM,total,ESP,million_USD
2016,239.30149952237107,GTM,total,ESP,million_USD
2017,185.86634071617223,GTM,total,ESP,million_USD
2018,296.54937037435064,GTM,total,ESP,million_USD
2019,235.99648932692693,GTM,total,ESP,million_USD
2007,NA,GIN,total,ESP,million_USD
2008,NA,GIN,total,ESP,million_USD
2009,NA,GIN,total,ESP,million_USD
2010,0,GIN,total,ESP,million_USD
2011,0,GIN,total,ESP,million_USD
2012,0,GIN,total,ESP,million_USD
2013,NA,GIN,total,ESP,million_USD
2014,NA,GIN,total,ESP,million_USD
2015,0,GIN,total,ESP,million_USD
2016,0,GIN,total,ESP,million_USD
2017,0,GIN,total,ESP,million_USD
2018,NA,GIN,total,ESP,million_USD
2019,NA,GIN,total,ESP,million_USD
2007,NA,GNQ,total,ESP,million_USD
2008,NA,GNQ,total,ESP,million_USD
2009,NA,GNQ,total,ESP,million_USD
2010,NA,GNQ,total,ESP,million_USD
2011,NA,GNQ,total,ESP,million_USD
2012,NA,GNQ,total,ESP,million_USD
2013,NA,GNQ,total,ESP,million_USD
2014,NA,GNQ,total,ESP,million_USD
2015,NA,GNQ,total,ESP,million_USD
2016,NA,GNQ,total,ESP,million_USD
2017,NA,GNQ,total,ESP,million_USD
2018,NA,GNQ,total,ESP,million_USD
2019,NA,GNQ,total,ESP,million_USD
2007,NA,HND,total,ESP,million_USD
2008,0,HND,total,ESP,million_USD
2009,0,HND,total,ESP,million_USD
2010,0,HND,total,ESP,million_USD
2011,0,HND,total,ESP,million_USD
2012,34.99764883636672,HND,total,ESP,million_USD
2013,38.063869206914184,HND,total,ESP,million_USD
2014,38.7656630283449,HND,total,ESP,million_USD
2015,32.852692123342386,HND,total,ESP,million_USD
2016,30.06350306224894,HND,total,ESP,million_USD
2017,42.61155030580452,HND,total,ESP,million_USD
2018,46.04539823541845,HND,total,ESP,million_USD
2019,36.53965851539726,HND,total,ESP,million_USD
2007,33.74118782137728,IND,total,ESP,million_USD
2008,34.577444798896344,IND,total,ESP,million_USD
2009,40.950794886171856,IND,total,ESP,million_USD
2010,85.62803837684557,IND,total,ESP,million_USD
2011,74.76190608757625,IND,total,ESP,million_USD
2012,49.875503958434514,IND,total,ESP,million_USD
2013,43.256811586503666,IND,total,ESP,million_USD
2014,60.88520687419626,IND,total,ESP,million_USD
2015,66.5818998420053,IND,total,ESP,million_USD
2016,58.12351052277952,IND,total,ESP,million_USD
2017,73.31626762584078,IND,total,ESP,million_USD
2018,252.05102193858332,IND,total,ESP,million_USD
2019,1.5896542613928955,IND,total,ESP,million_USD
2007,7.9213674089179795,IDN,total,ESP,million_USD
2008,27.841387921867618,IDN,total,ESP,million_USD
2009,23.334700219538664,IDN,total,ESP,million_USD
2010,26.15638949024869,IDN,total,ESP,million_USD
2011,36.51098113344116,IDN,total,ESP,million_USD
2012,49.00184752639599,IDN,total,ESP,million_USD
2013,15.472577678316474,IDN,total,ESP,million_USD
2014,17.775345144594063,IDN,total,ESP,million_USD
2015,14.989526193392628,IDN,total,ESP,million_USD
2016,17.190213643472976,IDN,total,ESP,million_USD
2017,2.733826928421181,IDN,total,ESP,million_USD
2018,51.04083384803248,IDN,total,ESP,million_USD
2019,46.335063295107,IDN,total,ESP,million_USD
2007,NA,JOR,total,ESP,million_USD
2008,NA,JOR,total,ESP,million_USD
2009,NA,JOR,total,ESP,million_USD
2010,NA,JOR,total,ESP,million_USD
2011,NA,JOR,total,ESP,million_USD
2012,NA,JOR,total,ESP,million_USD
2013,NA,JOR,total,ESP,million_USD
2014,NA,JOR,total,ESP,million_USD
2015,NA,JOR,total,ESP,million_USD
2016,NA,JOR,total,ESP,million_USD
2017,NA,JOR,total,ESP,million_USD
2018,NA,JOR,total,ESP,million_USD
2019,NA,JOR,total,ESP,million_USD
2007,NA,KEN,total,ESP,million_USD
2008,NA,KEN,total,ESP,million_USD
2009,NA,KEN,total,ESP,million_USD
2010,NA,KEN,total,ESP,million_USD
2011,NA,KEN,total,ESP,million_USD
2012,NA,KEN,total,ESP,million_USD
2013,NA,KEN,total,ESP,million_USD
2014,NA,KEN,total,ESP,million_USD
2015,NA,KEN,total,ESP,million_USD
2016,NA,KEN,total,ESP,million_USD
2017,NA,KEN,total,ESP,million_USD
2018,NA,KEN,total,ESP,million_USD
2019,NA,KEN,total,ESP,million_USD
2007,NA,LSO,total,ESP,million_USD
2008,NA,LSO,total,ESP,million_USD
2009,NA,LSO,total,ESP,million_USD
2010,NA,LSO,total,ESP,million_USD
2011,NA,LSO,total,ESP,million_USD
2012,NA,LSO,total,ESP,million_USD
2013,NA,LSO,total,ESP,million_USD
2014,NA,LSO,total,ESP,million_USD
2015,NA,LSO,total,ESP,million_USD
2016,NA,LSO,total,ESP,million_USD
2017,NA,LSO,total,ESP,million_USD
2018,NA,LSO,total,ESP,million_USD
2019,NA,LSO,total,ESP,million_USD
2007,NA,LBN,total,ESP,million_USD
2008,NA,LBN,total,ESP,million_USD
2009,NA,LBN,total,ESP,million_USD
2010,NA,LBN,total,ESP,million_USD
2011,0,LBN,total,ESP,million_USD
2012,0,LBN,total,ESP,million_USD
2013,NA,LBN,total,ESP,million_USD
2014,NA,LBN,total,ESP,million_USD
2015,NA,LBN,total,ESP,million_USD
2016,NA,LBN,total,ESP,million_USD
2017,NA,LBN,total,ESP,million_USD
2018,0,LBN,total,ESP,million_USD
2019,NA,LBN,total,ESP,million_USD
2007,1.6993937001830959,MKD,total,ESP,million_USD
2008,4.088698279069836,MKD,total,ESP,million_USD
2009,5.9417706476530014,MKD,total,ESP,million_USD
2010,5.925953422271244,MKD,total,ESP,million_USD
2011,7.69751146274989,MKD,total,ESP,million_USD
2012,10.612356071526767,MKD,total,ESP,million_USD
2013,15.432734130646994,MKD,total,ESP,million_USD
2014,16.114718729740357,MKD,total,ESP,million_USD
2015,17.508121638174362,MKD,total,ESP,million_USD
2016,18.9059142968782,MKD,total,ESP,million_USD
2017,23.28271611353741,MKD,total,ESP,million_USD
2018,NA,MKD,total,ESP,million_USD
2019,NA,MKD,total,ESP,million_USD
2007,NA,MDV,total,ESP,million_USD
2008,NA,MDV,total,ESP,million_USD
2009,NA,MDV,total,ESP,million_USD
2010,NA,MDV,total,ESP,million_USD
2011,NA,MDV,total,ESP,million_USD
2012,NA,MDV,total,ESP,million_USD
2013,NA,MDV,total,ESP,million_USD
2014,NA,MDV,total,ESP,million_USD
2015,NA,MDV,total,ESP,million_USD
2016,NA,MDV,total,ESP,million_USD
2017,NA,MDV,total,ESP,million_USD
2018,NA,MDV,total,ESP,million_USD
2019,NA,MDV,total,ESP,million_USD
2007,85.91531537457927,MAR,total,ESP,million_USD
2008,85.18611666321038,MAR,total,ESP,million_USD
2009,79.47466936696432,MAR,total,ESP,million_USD
2010,81.70391709498362,MAR,total,ESP,million_USD
2011,69.26368361418346,MAR,total,ESP,million_USD
2012,0,MAR,total,ESP,million_USD
2013,0.42499784180783456,MAR,total,ESP,million_USD
2014,0.4251203622025486,MAR,total,ESP,million_USD
2015,0.3994248282473239,MAR,total,ESP,million_USD
2016,0.30993302126029837,MAR,total,ESP,million_USD
2017,16.131838238782837,MAR,total,ESP,million_USD
2018,0.6259056441336699,MAR,total,ESP,million_USD
2019,0.7612428857374428,MAR,total,ESP,million_USD
2007,NA,MUS,total,ESP,million_USD
2008,NA,MUS,total,ESP,million_USD
2009,NA,MUS,total,ESP,million_USD
2010,0,MUS,total,ESP,million_USD
2011,NA,MUS,total,ESP,million_USD
2012,NA,MUS,total,ESP,million_USD
2013,NA,MUS,total,ESP,million_USD
2014,NA,MUS,total,ESP,million_USD
2015,NA,MUS,total,ESP,million_USD
2016,NA,MUS,total,ESP,million_USD
2017,NA,MUS,total,ESP,million_USD
2018,NA,MUS,total,ESP,million_USD
2019,NA,MUS,total,ESP,million_USD
2007,NA,MRT,total,ESP,million_USD
2008,NA,MRT,total,ESP,million_USD
2009,NA,MRT,total,ESP,million_USD
2010,NA,MRT,total,ESP,million_USD
2011,NA,MRT,total,ESP,million_USD
2012,NA,MRT,total,ESP,million_USD
2013,NA,MRT,total,ESP,million_USD
2014,NA,MRT,total,ESP,million_USD
2015,0,MRT,total,ESP,million_USD
2016,NA,MRT,total,ESP,million_USD
2017,0,MRT,total,ESP,million_USD
2018,NA,MRT,total,ESP,million_USD
2019,NA,MRT,total,ESP,million_USD
2007,391.6554287405848,MEX,total,ESP,million_USD
2008,702.1383303697623,MEX,total,ESP,million_USD
2009,902.8841298932433,MEX,total,ESP,million_USD
2010,1964.8181315614688,MEX,total,ESP,million_USD
2011,1773.0027532871018,MEX,total,ESP,million_USD
2012,1908.990695558999,MEX,total,ESP,million_USD
2013,1953.7549223382855,MEX,total,ESP,million_USD
2014,1915.658777141278,MEX,total,ESP,million_USD
2015,1699.8633079476663,MEX,total,ESP,million_USD
2016,2542.491263762963,MEX,total,ESP,million_USD
2017,3378.931005890154,MEX,total,ESP,million_USD
2018,4305.144353917756,MEX,total,ESP,million_USD
2019,4542.974399849542,MEX,total,ESP,million_USD
2007,NA,MDA,total,ESP,million_USD
2008,NA,MDA,total,ESP,million_USD
2009,NA,MDA,total,ESP,million_USD
2010,NA,MDA,total,ESP,million_USD
2011,NA,MDA,total,ESP,million_USD
2012,NA,MDA,total,ESP,million_USD
2013,NA,MDA,total,ESP,million_USD
2014,NA,MDA,total,ESP,million_USD
2015,NA,MDA,total,ESP,million_USD
2016,NA,MDA,total,ESP,million_USD
2017,NA,MDA,total,ESP,million_USD
2018,NA,MDA,total,ESP,million_USD
2019,NA,MDA,total,ESP,million_USD
2007,40.68951528906139,MOZ,total,ESP,million_USD
2008,40.07806766354425,MOZ,total,ESP,million_USD
2009,32.1357736436444,MOZ,total,ESP,million_USD
2010,33.659945725160384,MOZ,total,ESP,million_USD
2011,56.889203161408325,MOZ,total,ESP,million_USD
2012,53.30589024305636,MOZ,total,ESP,million_USD
2013,58.55673389158571,MOZ,total,ESP,million_USD
2014,62.17385297212274,MOZ,total,ESP,million_USD
2015,35.204860556354404,MOZ,total,ESP,million_USD
2016,1.7489077628259693,MOZ,total,ESP,million_USD
2017,NA,MOZ,total,ESP,million_USD
2018,NA,MOZ,total,ESP,million_USD
2019,NA,MOZ,total,ESP,million_USD
2007,NA,"NAM",total,ESP,million_USD
2008,NA,"NAM",total,ESP,million_USD
2009,NA,"NAM",total,ESP,million_USD
2010,NA,"NAM",total,ESP,million_USD
2011,NA,"NAM",total,ESP,million_USD
2012,NA,"NAM",total,ESP,million_USD
2013,NA,"NAM",total,ESP,million_USD
2014,NA,"NAM",total,ESP,million_USD
2015,NA,"NAM",total,ESP,million_USD
2016,NA,"NAM",total,ESP,million_USD
2017,NA,"NAM",total,ESP,million_USD
2018,NA,"NAM",total,ESP,million_USD
2019,NA,"NAM",total,ESP,million_USD
2007,NA,NIC,total,ESP,million_USD
2008,0,NIC,total,ESP,million_USD
2009,0,NIC,total,ESP,million_USD
2010,0,NIC,total,ESP,million_USD
2011,NA,NIC,total,ESP,million_USD
2012,0,NIC,total,ESP,million_USD
2013,0,NIC,total,ESP,million_USD
2014,0,NIC,total,ESP,million_USD
2015,1.020752338854272,NIC,total,ESP,million_USD
2016,1.6714245075108944,NIC,total,ESP,million_USD
2017,1.6380367959548399,NIC,total,ESP,million_USD
2018,2.361908091070452,NIC,total,ESP,million_USD
2019,22.512638870852903,NIC,total,ESP,million_USD
2007,NA,NGA,total,ESP,million_USD
2008,NA,NGA,total,ESP,million_USD
2009,NA,NGA,total,ESP,million_USD
2010,NA,NGA,total,ESP,million_USD
2011,NA,NGA,total,ESP,million_USD
2012,NA,NGA,total,ESP,million_USD
2013,NA,NGA,total,ESP,million_USD
2014,NA,NGA,total,ESP,million_USD
2015,NA,NGA,total,ESP,million_USD
2016,NA,NGA,total,ESP,million_USD
2017,NA,NGA,total,ESP,million_USD
2018,NA,NGA,total,ESP,million_USD
2019,NA,NGA,total,ESP,million_USD
2007,NA,PAK,total,ESP,million_USD
2008,0,PAK,total,ESP,million_USD
2009,NA,PAK,total,ESP,million_USD
2010,NA,PAK,total,ESP,million_USD
2011,NA,PAK,total,ESP,million_USD
2012,NA,PAK,total,ESP,million_USD
2013,NA,PAK,total,ESP,million_USD
2014,NA,PAK,total,ESP,million_USD
2015,NA,PAK,total,ESP,million_USD
2016,NA,PAK,total,ESP,million_USD
2017,NA,PAK,total,ESP,million_USD
2018,NA,PAK,total,ESP,million_USD
2019,NA,PAK,total,ESP,million_USD
2007,54.43541755747788,PRY,total,ESP,million_USD
2008,246.79265152083394,PRY,total,ESP,million_USD
2009,247.1832380697335,PRY,total,ESP,million_USD
2010,326.9880115443405,PRY,total,ESP,million_USD
2011,200.78951690807807,PRY,total,ESP,million_USD
2012,264.92346512697566,PRY,total,ESP,million_USD
2013,318.8679119988844,PRY,total,ESP,million_USD
2014,205.34641995514983,PRY,total,ESP,million_USD
2015,181.81596279135823,PRY,total,ESP,million_USD
2016,301.0888611179063,PRY,total,ESP,million_USD
2017,300.65318129339386,PRY,total,ESP,million_USD
2018,268.4072354692462,PRY,total,ESP,million_USD
2019,211.8270277047631,PRY,total,ESP,million_USD
2007,164.64932188709446,PER,total,ESP,million_USD
2008,759.7330874231347,PER,total,ESP,million_USD
2009,510.85279751394086,PER,total,ESP,million_USD
2010,948.2453477288484,PER,total,ESP,million_USD
2011,1241.2620021324751,PER,total,ESP,million_USD
2012,1548.6973525640528,PER,total,ESP,million_USD
2013,530.2246512029432,PER,total,ESP,million_USD
2014,674.9715700757777,PER,total,ESP,million_USD
2015,285.8217500133143,PER,total,ESP,million_USD
2016,286.1235238056233,PER,total,ESP,million_USD
2017,465.07818519079177,PER,total,ESP,million_USD
2018,436.362519825266,PER,total,ESP,million_USD
2019,610.6735208379046,PER,total,ESP,million_USD
2007,0.12334309114232149,DOM,total,ESP,million_USD
2008,0.014707547766438256,DOM,total,ESP,million_USD
2009,0.013947818421720657,DOM,total,ESP,million_USD
2010,0.013257166492776832,DOM,total,ESP,million_USD
2011,0.01391955056555134,DOM,total,ESP,million_USD
2012,21.211864254347084,DOM,total,ESP,million_USD
2013,34.66388647245151,DOM,total,ESP,million_USD
2014,46.05913424238236,DOM,total,ESP,million_USD
2015,30.03452805737516,DOM,total,ESP,million_USD
2016,110.87853835587171,DOM,total,ESP,million_USD
2017,86.38667157701146,DOM,total,ESP,million_USD
2018,268.7851407638175,DOM,total,ESP,million_USD
2019,643.2950174414179,DOM,total,ESP,million_USD
2007,NA,RWA,total,ESP,million_USD
2008,0,RWA,total,ESP,million_USD
2009,NA,RWA,total,ESP,million_USD
2010,NA,RWA,total,ESP,million_USD
2011,NA,RWA,total,ESP,million_USD
2012,NA,RWA,total,ESP,million_USD
2013,NA,RWA,total,ESP,million_USD
2014,NA,RWA,total,ESP,million_USD
2015,NA,RWA,total,ESP,million_USD
2016,NA,RWA,total,ESP,million_USD
2017,NA,RWA,total,ESP,million_USD
2018,NA,RWA,total,ESP,million_USD
2019,NA,RWA,total,ESP,million_USD
2007,6.701641285399467,SEN,total,ESP,million_USD
2008,NA,SEN,total,ESP,million_USD
2009,NA,SEN,total,ESP,million_USD
2010,NA,SEN,total,ESP,million_USD
2011,NA,SEN,total,ESP,million_USD
2012,NA,SEN,total,ESP,million_USD
2013,NA,SEN,total,ESP,million_USD
2014,NA,SEN,total,ESP,million_USD
2015,NA,SEN,total,ESP,million_USD
2016,NA,SEN,total,ESP,million_USD
2017,NA,SEN,total,ESP,million_USD
2018,NA,SEN,total,ESP,million_USD
2019,NA,SEN,total,ESP,million_USD
2007,NA,LKA,total,ESP,million_USD
2008,NA,LKA,total,ESP,million_USD
2009,NA,LKA,total,ESP,million_USD
2010,NA,LKA,total,ESP,million_USD
2011,NA,LKA,total,ESP,million_USD
2012,NA,LKA,total,ESP,million_USD
2013,NA,LKA,total,ESP,million_USD
2014,NA,LKA,total,ESP,million_USD
2015,NA,LKA,total,ESP,million_USD
2016,NA,LKA,total,ESP,million_USD
2017,NA,LKA,total,ESP,million_USD
2018,NA,LKA,total,ESP,million_USD
2019,NA,LKA,total,ESP,million_USD
2007,558.4015831770987,ZAF,total,ESP,million_USD
2008,515.602502048026,ZAF,total,ESP,million_USD
2009,610.6215426845087,ZAF,total,ESP,million_USD
2010,730.2179875886409,ZAF,total,ESP,million_USD
2011,614.659513873616,ZAF,total,ESP,million_USD
2012,561.4398885831091,ZAF,total,ESP,million_USD
2013,444.54774253099487,ZAF,total,ESP,million_USD
2014,462.0659786802138,ZAF,total,ESP,million_USD
2015,364.33091903214927,ZAF,total,ESP,million_USD
2016,466.32743759553955,ZAF,total,ESP,million_USD
2017,2.3949227637408694,ZAF,total,ESP,million_USD
2018,2.7752420070077815,ZAF,total,ESP,million_USD
2019,14.03821439286402,ZAF,total,ESP,million_USD
2007,43.00562444495609,THA,total,ESP,million_USD
2008,304.0932576188774,THA,total,ESP,million_USD
2009,412.0743474513152,THA,total,ESP,million_USD
2010,105.03653012227085,THA,total,ESP,million_USD
2011,170.4309771246106,THA,total,ESP,million_USD
2012,360.4860613255424,THA,total,ESP,million_USD
2013,0.7835897708331949,THA,total,ESP,million_USD
2014,1.0362308828687123,THA,total,ESP,million_USD
2015,1.0540377412082158,THA,total,ESP,million_USD
2016,1.195455939146865,THA,total,ESP,million_USD
2017,NA,THA,total,ESP,million_USD
2018,NA,THA,total,ESP,million_USD
2019,NA,THA,total,ESP,million_USD
2007,37.3044326765999,TZA,total,ESP,million_USD
2008,46.37289810757982,TZA,total,ESP,million_USD
2009,39.8349694124342,TZA,total,ESP,million_USD
2010,41.587731287840924,TZA,total,ESP,million_USD
2011,33.379082256192106,TZA,total,ESP,million_USD
2012,30.822085006770838,TZA,total,ESP,million_USD
2013,28.262356480220998,TZA,total,ESP,million_USD
2014,27.088138079093646,TZA,total,ESP,million_USD
2015,20.426141911203423,TZA,total,ESP,million_USD
2016,20.422372293758944,TZA,total,ESP,million_USD
2017,18.66232266839583,TZA,total,ESP,million_USD
2018,NA,TZA,total,ESP,million_USD
2019,NA,TZA,total,ESP,million_USD
2007,0,TTO,total,ESP,million_USD
2008,NA,TTO,total,ESP,million_USD
2009,0,TTO,total,ESP,million_USD
2010,0.10605733194221466,TTO,total,ESP,million_USD
2011,-0.08351730339330804,TTO,total,ESP,million_USD
2012,0.02569577741289774,TTO,total,ESP,million_USD
2013,0.11953064300845348,TTO,total,ESP,million_USD
2014,0.039855033956488935,TTO,total,ESP,million_USD
2015,0.011095134117981218,TTO,total,ESP,million_USD
2016,0.011069036473582084,TTO,total,ESP,million_USD
2017,0,TTO,total,ESP,million_USD
2018,0,TTO,total,ESP,million_USD
2019,0,TTO,total,ESP,million_USD
2007,89.78006556370534,TUN,total,ESP,million_USD
2008,92.45164525983088,TUN,total,ESP,million_USD
2009,88.70812516214339,TUN,total,ESP,million_USD
2010,85.73409570878778,TUN,total,ESP,million_USD
2011,84.93709755099427,TUN,total,ESP,million_USD
2012,NA,TUN,total,ESP,million_USD
2013,NA,TUN,total,ESP,million_USD
2014,NA,TUN,total,ESP,million_USD
2015,NA,TUN,total,ESP,million_USD
2016,NA,TUN,total,ESP,million_USD
2017,NA,TUN,total,ESP,million_USD
2018,NA,TUN,total,ESP,million_USD
2019,NA,TUN,total,ESP,million_USD
2007,NA,UGA,total,ESP,million_USD
2008,NA,UGA,total,ESP,million_USD
2009,NA,UGA,total,ESP,million_USD
2010,NA,UGA,total,ESP,million_USD
2011,NA,UGA,total,ESP,million_USD
2012,NA,UGA,total,ESP,million_USD
2013,NA,UGA,total,ESP,million_USD
2014,NA,UGA,total,ESP,million_USD
2015,0,UGA,total,ESP,million_USD
2016,5.800175112157011,UGA,total,ESP,million_USD
2017,7.083097041818514,UGA,total,ESP,million_USD
2018,NA,UGA,total,ESP,million_USD
2019,NA,UGA,total,ESP,million_USD
2007,0,UKR,total,ESP,million_USD
2008,0,UKR,total,ESP,million_USD
2009,0,UKR,total,ESP,million_USD
2010,NA,UKR,total,ESP,million_USD
2011,0,UKR,total,ESP,million_USD
2012,0,UKR,total,ESP,million_USD
2013,NA,UKR,total,ESP,million_USD
2014,NA,UKR,total,ESP,million_USD
2015,0,UKR,total,ESP,million_USD
2016,0.0664142188414925,UKR,total,ESP,million_USD
2017,0.11296805489343723,UKR,total,ESP,million_USD
2018,0,UKR,total,ESP,million_USD
2019,0.16792122479502417,UKR,total,ESP,million_USD
2007,NA,UZB,total,ESP,million_USD
2008,NA,UZB,total,ESP,million_USD
2009,NA,UZB,total,ESP,million_USD
2010,NA,UZB,total,ESP,million_USD
2011,NA,UZB,total,ESP,million_USD
2012,0,UZB,total,ESP,million_USD
2013,NA,UZB,total,ESP,million_USD
2014,NA,UZB,total,ESP,million_USD
2015,NA,UZB,total,ESP,million_USD
2016,NA,UZB,total,ESP,million_USD
2017,NA,UZB,total,ESP,million_USD
2018,NA,UZB,total,ESP,million_USD
2019,6.593706760284616,UZB,total,ESP,million_USD
2007,1634.3507767873784,VEN,total,ESP,million_USD
2008,2790.624820751761,VEN,total,ESP,million_USD
2009,3332.315142588548,VEN,total,ESP,million_USD
2010,3256.039633624947,VEN,total,ESP,million_USD
2011,3752.0287744949296,VEN,total,ESP,million_USD
2012,4704.292993532373,VEN,total,ESP,million_USD
2013,3861.2514858322993,VEN,total,ESP,million_USD
2014,940.485806293907,VEN,total,ESP,million_USD
2015,485.4232127957963,VEN,total,ESP,million_USD
2016,5656.310845109866,VEN,total,ESP,million_USD
2017,2294.2908204417954,VEN,total,ESP,million_USD
2018,968.6775558502691,VEN,total,ESP,million_USD
2019,101.4580040211536,VEN,total,ESP,million_USD
2007,NA,VNM,total,ESP,million_USD
2008,NA,VNM,total,ESP,million_USD
2009,0,VNM,total,ESP,million_USD
2010,NA,VNM,total,ESP,million_USD
2011,NA,VNM,total,ESP,million_USD
2012,NA,VNM,total,ESP,million_USD
2013,NA,VNM,total,ESP,million_USD
2014,1.2089360300134977,VNM,total,ESP,million_USD
2015,1.220464752977934,VNM,total,ESP,million_USD
2016,0,VNM,total,ESP,million_USD
2017,NA,VNM,total,ESP,million_USD
2018,1.6297165828386122,VNM,total,ESP,million_USD
2019,1.612043758032232,VNM,total,ESP,million_USD
2007,NA,ZMB,total,ESP,million_USD
2008,NA,ZMB,total,ESP,million_USD
2009,NA,ZMB,total,ESP,million_USD
2010,NA,ZMB,total,ESP,million_USD
2011,NA,ZMB,total,ESP,million_USD
2012,NA,ZMB,total,ESP,million_USD
2013,NA,ZMB,total,ESP,million_USD
2014,NA,ZMB,total,ESP,million_USD
2015,NA,ZMB,total,ESP,million_USD
2016,NA,ZMB,total,ESP,million_USD
2017,NA,ZMB,total,ESP,million_USD
2018,NA,ZMB,total,ESP,million_USD
2019,NA,ZMB,total,ESP,million_USD
2007,-0.5756010919975002,ZWE,total,ESP,million_USD
2008,0,ZWE,total,ESP,million_USD
2009,0,ZWE,total,ESP,million_USD
2010,NA,ZWE,total,ESP,million_USD
2011,NA,ZWE,total,ESP,million_USD
2012,NA,ZWE,total,ESP,million_USD
2013,NA,ZWE,total,ESP,million_USD
2014,NA,ZWE,total,ESP,million_USD
2015,51.958513074506044,ZWE,total,ESP,million_USD
2016,58.51092679935489,ZWE,total,ESP,million_USD
2017,48.282546661455065,ZWE,total,ESP,million_USD
2018,NA,ZWE,total,ESP,million_USD
2019,NA,ZWE,total,ESP,million_USD
