TREATYID,REFERENCE,C1LONG,C2LONG,TYPE,SIGNED,EFFECTIVE,STATUS,C1CODE,C1INCOME,C1REGION,C2CODE,C2INCOME,C2REGION,SOURCE,WHTRATES,PE,OTHER,UN,5i,5ii,5iii,5iv,5v,5vi,5vii,5viii,7i,7ii,8i,10i,10ii,10iii,11i,11ii,12i,12ia,12ib,12iv,13i,13ii,14i,16i,21i,25i,27i,29i,paircode,Termination
4570,NA,Slovenia,Sri Lanka,Pre-independence,1985,1987,Terminated,SVN,High income,Europe & Central Asia,LKA,Upper middle income,South Asia,0.45,0.41,0.58,0.38,0.44,9,NO,9,NO,NO,YES,NO,NO,NO,NO,YES,12.5,NA,12.5,10,10,10,10,10,0,NO,YES,YES,NO,NO,NO,NO,NA,SVN - LKA,NA
6143,NA,South Africa,Uganda,Pre-independence,1959,1953,Terminated,ZAF,Upper middle income,Sub-Saharan Africa,UGA,Low income,Sub-Saharan Africa,0.28,0,0.5,0.33,NA,NA,NA,NO,NO,NO,YES,NO,NO,NO,NA,NO,NA,NA,NA,NA,NA,NA,NA,NA,0,NA,NA,YES,NA,NA,NO,NO,NA,ZAF - UGA,NA
6152,NA,Cyprus,South Africa,Original,1960,1951,Terminated,CYP,High income,Europe & Central Asia,ZAF,Upper middle income,Sub-Saharan Africa,0.28,0,0.5,0.33,NA,NA,NA,NO,NO,NO,YES,NO,NO,NO,NA,NO,NA,NA,NA,NA,NA,NA,NA,NA,0,NA,NA,YES,NA,NA,NO,NO,NA,CYP - ZAF,NA
6153,NA,"Gambia, The",South Africa,Pre-independence,1960,1951,Terminated,GMB,Low income,Sub-Saharan Africa,ZAF,Upper middle income,Sub-Saharan Africa,0.28,0,0.5,0.33,NA,NA,NA,NO,NO,NO,YES,NO,NO,NO,NA,NO,NA,NA,NA,NA,NA,NA,NA,NA,0,NA,NA,YES,NA,NA,NO,NO,NA,GMB - ZAF,NA
6158,NA,South Africa,Trinidad and Tobago,Pre-independence,1960,1951,Terminated,ZAF,Upper middle income,Sub-Saharan Africa,TTO,High income,Latin America & Caribbean,0.28,0,0.5,0.33,NA,NA,NA,NO,NO,NO,YES,NO,NO,NO,NA,NO,NA,NA,NA,NA,NA,NA,NA,NA,0,NA,NA,YES,NA,NA,NO,NO,NA,ZAF - TTO,NA
6198,NA,Kenya,Switzerland,Original,1963,1961,Terminated,KEN,Lower middle income,Sub-Saharan Africa,CHE,High income,Europe & Central Asia,0.16,0,0.31,0.17,0.2,12,NO,NO,NO,NO,NO,NO,NO,NO,NO,NO,0,NA,0,0,0,NA,NA,NA,0,NO,NO,YES,NA,NA,NO,NO,NA,KEN - CHE,NA
6204,NA,Switzerland,Tanzania,Pre-independence,1963,1961,Terminated,CHE,High income,Europe & Central Asia,TZA,Low income,Sub-Saharan Africa,0.16,0,0.31,0.17,0.2,12,NO,NO,NO,NO,NO,NO,NO,NO,NO,NO,0,NA,0,0,0,NA,NA,NA,0,NO,NO,YES,NA,NA,NO,NO,NA,CHE - TZA,NA
6205,NA,Switzerland,"Yemen, Rep.",Pre-independence,1963,1961,Terminated,CHE,High income,Europe & Central Asia,YEM,Low income,Middle East & North Africa,0.16,0,0.31,0.17,0.2,12,NO,NO,NO,NO,NO,NO,NO,NO,NO,NO,0,NA,0,0,0,NA,NA,NA,0,NO,NO,YES,NA,NA,NO,NO,NA,CHE - YEM,NA
6300,NA,Liberia,Sweden,Original,1969,1968,Terminated,LBR,Low income,Sub-Saharan Africa,SWE,High income,Europe & Central Asia,0.42,0.63,0.47,0.17,0.33,6,NO,NO,NO,NO,YES,NO,NO,NO,NO,NO,10,50,15,25,15,20,20,20,0,NO,NO,YES,NA,NA,NO,NO,NA,LBR - SWE,NA
6336,NA,Japan,Seychelles,Pre-independence,1970,1963,Terminated,JPN,High income,East Asia & Pacific,SYC,High income,Sub-Saharan Africa,0.35,0.25,0.31,0.5,0.33,12,YES,NO,YES,YES,YES,NO,NO,NO,NO,NO,0,NA,0,10,10,10,10,10,0,YES,YES,YES,NA,NA,NO,NO,NA,JPN - SYC,NA
6580,NA,Romania,Sudan,Original,1979,1982,Terminated,ROU,Upper middle income,Europe & Central Asia,SDN,Lower middle income,Sub-Saharan Africa,NA,NA,NA,NA,NA,NA,NA,NA,NA,NA,NA,NA,NA,NA,NA,NA,NA,NA,NA,NA,NA,NA,NA,NA,NA,NA,NA,NA,NA,NA,NA,NA,NA,ROU - SDN,NA
6610,NA,Norway,Tajikistan,Pre-independence,1980,1982,Terminated,NOR,High income,Europe & Central Asia,TJK,Low income,Europe & Central Asia,0.19,0.25,0.31,0,0.17,12,NO,NO,NO,NO,NO,NO,NO,NA,NA,NA,20,NA,20,0,0,0,0,0,0,NO,NA,NO,NA,NO,NO,NO,NA,NOR - TJK,NA
6613,NA,Norway,Uzbekistan,Pre-independence,1980,1982,Terminated,NOR,High income,Europe & Central Asia,UZB,Lower middle income,Europe & Central Asia,0.19,0.25,0.31,0,0.17,12,NO,NO,NO,NO,NO,NO,NO,NA,NA,NA,20,NA,20,0,0,0,0,0,0,NO,NA,NO,NA,NO,NO,NO,NA,NOR - UZB,NA
6717,NA,Sweden,Tajikistan,Pre-independence,1981,1979,Terminated,SWE,High income,Europe & Central Asia,TJK,Low income,Europe & Central Asia,0.16,0.19,0.28,0,0.13,18,NO,NO,NO,NO,NO,NO,NO,NO,NO,NO,15,NA,15,0,0,0,0,0,0,NO,NO,NO,NA,NO,NO,NO,NA,SWE - TJK,NA
6719,NA,Sweden,Ukraine,Pre-independence,1981,1979,Terminated,SWE,High income,Europe & Central Asia,UKR,Lower middle income,Europe & Central Asia,0.16,0.19,0.28,0,0.13,18,NO,NO,NO,NO,NO,NO,NO,NO,NO,NO,15,NA,15,0,0,0,0,0,0,NO,NO,NO,NA,NO,NO,NO,NA,SWE - UKR,NA
6720,NA,Sweden,Uzbekistan,Pre-independence,1981,1979,Terminated,SWE,High income,Europe & Central Asia,UZB,Lower middle income,Europe & Central Asia,0.16,0.19,0.28,0,0.13,18,NO,NO,NO,NO,NO,NO,NO,NO,NO,NO,15,NA,15,0,0,0,0,0,0,NO,NO,NO,NA,NO,NO,NO,NA,SWE - UZB,NA
6793,NA,Cyprus,Georgia,Pre-independence,1982,1983,Terminated,CYP,High income,Europe & Central Asia,GEO,Upper middle income,Europe & Central Asia,0.15,0,0.44,0,0.21,12,YES,NO,NO,NO,NO,NO,NO,NO,NO,NO,0,NA,0,0,0,0,0,0,0,NA,NA,NO,NA,NO,NO,NO,NA,CYP - GEO,NA
6869,NA,Italy,Kyrgyz Republic,Pre-independence,1985,1990,Terminated,ITA,High income,Europe & Central Asia,KGZ,Lower middle income,Europe & Central Asia,0.15,0.19,0.25,0,0.15,36,NO,NO,NO,NO,NO,NO,NO,NO,NO,NO,15,NA,15,0,0,0,0,0,0,NA,NA,NO,NA,NA,NO,NO,NA,ITA - KGZ,NA
6875,NA,Italy,Uzbekistan,Pre-independence,1985,1990,Terminated,ITA,High income,Europe & Central Asia,UZB,Lower middle income,Europe & Central Asia,0.15,0.19,0.25,0,0.15,36,NO,NO,NO,NO,NO,NO,NO,NO,NO,NO,15,NA,15,0,0,0,0,0,0,NA,NA,NO,NA,NA,NO,NO,NA,ITA - UZB,NA
6902,NA,Canada,Georgia,Pre-independence,1985,1987,Terminated,CAN,High income,North America,GEO,Upper middle income,Europe & Central Asia,0.17,0.46,0.06,0,0,12,NO,NO,YES,YES,NO,NO,NO,NO,NO,NO,15,NA,15,15,15,10,0,10,0,NO,NA,NO,NO,NA,NO,NO,NA,CAN - GEO,NA
6904,NA,Canada,Kyrgyz Republic,Pre-independence,1985,1987,Terminated,CAN,High income,North America,KGZ,Lower middle income,Europe & Central Asia,0.17,0.46,0.06,0,0,12,NO,NO,YES,YES,NO,NO,NO,NO,NO,NO,15,NA,15,15,15,10,0,10,0,NO,NA,NO,NO,NA,NO,NO,NA,CAN - KGZ,NA
6907,NA,Canada,Tajikistan,Pre-independence,1985,1987,Terminated,CAN,High income,North America,TJK,Low income,Europe & Central Asia,0.17,0.46,0.06,0,0,12,NO,NO,YES,YES,NO,NO,NO,NO,NO,NO,15,NA,15,15,15,10,0,10,0,NO,NA,NO,NO,NA,NO,NO,NA,CAN - TJK,NA
6910,NA,Canada,Uzbekistan,Pre-independence,1985,1987,Terminated,CAN,High income,North America,UZB,Lower middle income,Europe & Central Asia,0.17,0.46,0.06,0,0,12,NO,NO,YES,YES,NO,NO,NO,NO,NO,NO,15,NA,15,15,15,10,0,10,0,NO,NA,NO,NO,NA,NO,NO,NA,CAN - UZB,NA
6941,NA,France,Kyrgyz Republic,Pre-independence,1985,1988,Terminated,FRA,High income,Europe & Central Asia,KGZ,Lower middle income,Europe & Central Asia,0.17,0.25,0.13,0.14,0.13,24,NO,NO,YES,NO,NO,NO,NO,NO,NO,NO,15,NA,15,10,0,0,0,0,0,YES,NO,NO,NA,NO,NO,NO,NA,FRA - KGZ,NA
6968,NA,Japan,Ukraine,Pre-independence,1986,1987,Terminated,JPN,High income,East Asia & Pacific,UKR,Lower middle income,Europe & Central Asia,0.19,0.4,0.06,0.13,0.06,12,NO,NO,YES,YES,NO,NO,NO,NO,NO,NO,15,NA,15,10,10,10,0,10,0,NO,YES,NO,NO,NO,NO,NO,NA,JPN - UKR,NA
7020,NA,Switzerland,Tajikistan,Pre-independence,1986,1989,Terminated,CHE,High income,Europe & Central Asia,TJK,Low income,Europe & Central Asia,NA,NA,NA,NA,NA,NA,NA,NA,NA,NA,NA,NA,NA,NA,NA,NA,NA,NA,NA,NA,NA,NA,NA,NA,NA,NA,NA,NA,NA,NA,NA,NA,NA,CHE - TJK,NA
7023,NA,Switzerland,Uzbekistan,Pre-independence,1986,1989,Terminated,CHE,High income,Europe & Central Asia,UZB,Lower middle income,Europe & Central Asia,NA,NA,NA,NA,NA,NA,NA,NA,NA,NA,NA,NA,NA,NA,NA,NA,NA,NA,NA,NA,NA,NA,NA,NA,NA,NA,NA,NA,NA,NA,NA,NA,NA,CHE - UZB,NA
7034,NA,Denmark,Kyrgyz Republic,Pre-independence,1986,1988,Terminated,DNK,High income,Europe & Central Asia,KGZ,Lower middle income,Europe & Central Asia,0.15,0.19,0.25,0,0.14,24,NO,NO,NO,NO,NO,NO,NO,NA,NA,NO,15,NA,15,0,0,0,0,0,0,NO,NO,NO,NA,NO,NO,NO,NA,DNK - KGZ,NA
7037,NA,Denmark,Tajikistan,Pre-independence,1986,1988,Terminated,DNK,High income,Europe & Central Asia,TJK,Low income,Europe & Central Asia,0.15,0.19,0.25,0,0.14,24,NO,NO,NO,NO,NO,NO,NO,NA,NA,NO,15,NA,15,0,0,0,0,0,0,NO,NO,NO,NA,NO,NO,NO,NA,DNK - TJK,NA
7057,NA,Netherlands,Uzbekistan,Pre-independence,1986,1988,Terminated,NLD,High income,Europe & Central Asia,UZB,Lower middle income,Europe & Central Asia,0.08,0.19,0.06,0,0,12,NO,NO,YES,YES,NO,NO,NO,NO,NO,NO,15,NA,15,0,0,0,0,0,0,NO,NO,NO,NO,NO,NO,NO,NA,NLD - UZB,NA
7087,NA,Kyrgyz Republic,Malaysia,Pre-independence,1987,1989,Terminated,KGZ,Lower middle income,Europe & Central Asia,MYS,Upper middle income,East Asia & Pacific,0.38,0.33,0.69,0.13,0.35,12,YES,NO,NO,NO,YES,NO,YES,NO,NO,NO,0,NA,0,15,15,10,15,10,0,NO,NO,NO,NO,YES,NO,NO,NA,KGZ - MYS,NA
7090,NA,Malaysia,Tajikistan,Pre-independence,1987,1989,Terminated,MYS,Upper middle income,East Asia & Pacific,TJK,Low income,Europe & Central Asia,0.38,0.33,0.69,0.13,0.35,12,YES,NO,NO,NO,YES,NO,YES,NO,NO,NO,0,NA,0,15,15,10,15,10,0,NO,NO,NO,NO,YES,NO,NO,NA,MYS - TJK,NA
7091,NA,Malaysia,Turkmenistan,Pre-independence,1987,1989,Terminated,MYS,Upper middle income,East Asia & Pacific,TKM,Upper middle income,Europe & Central Asia,0.34,0.33,0.56,0.13,0.29,12,NO,NO,NO,NO,YES,NO,YES,NO,NO,NO,0,NA,0,15,15,10,15,10,0,NO,NO,NO,NO,YES,NO,NO,NA,MYS - TKM,NA
7093,NA,Malaysia,Uzbekistan,Pre-independence,1987,1989,Terminated,MYS,Upper middle income,East Asia & Pacific,UZB,Lower middle income,Europe & Central Asia,0.38,0.33,0.69,0.13,0.35,12,YES,NO,NO,NO,YES,NO,YES,NO,NO,NO,0,NA,0,15,15,10,15,10,0,NO,NO,NO,NO,YES,NO,NO,NA,MYS - UZB,NA
7104,NA,Finland,Georgia,Pre-independence,1987,1987,Terminated,FIN,High income,Europe & Central Asia,GEO,Upper middle income,Europe & Central Asia,0,0,0,0,0,36,NO,NO,YES,YES,NO,NO,NO,NO,NO,NO,0,NA,0,0,0,0,0,0,0,NO,NO,NO,NO,NO,NO,NO,NA,FIN - GEO,NA
7106,NA,Finland,Kyrgyz Republic,Pre-independence,1987,1987,Terminated,FIN,High income,Europe & Central Asia,KGZ,Lower middle income,Europe & Central Asia,0,0,0,0,0,36,NO,NO,YES,YES,NO,NO,NO,NO,NO,NO,0,NA,0,0,0,0,0,0,0,NO,NO,NO,NO,NO,NO,NO,NA,FIN - KGZ,NA
7107,NA,Finland,Moldova,Pre-independence,1987,1987,Terminated,FIN,High income,Europe & Central Asia,MDA,Lower middle income,Europe & Central Asia,0,0,0,0,0,36,NO,NO,YES,YES,NO,NO,NO,NO,NO,NO,0,NA,0,0,0,0,0,0,0,NO,NO,NO,NO,NO,NO,NO,NA,FIN - MDA,NA
7109,NA,Finland,Tajikistan,Pre-independence,1987,1987,Terminated,FIN,High income,Europe & Central Asia,TJK,Low income,Europe & Central Asia,0,0,0,0,0,36,NO,NO,YES,YES,NO,NO,NO,NO,NO,NO,0,NA,0,0,0,0,0,0,0,NO,NO,NO,NO,NO,NO,NO,NA,FIN - TJK,NA
7110,NA,Finland,Turkmenistan,Pre-independence,1987,1987,Terminated,FIN,High income,Europe & Central Asia,TKM,Upper middle income,Europe & Central Asia,0,0,0,0,0,36,NO,NO,YES,YES,NO,NO,NO,NO,NO,NO,0,NA,0,0,0,0,0,0,0,NO,NO,NO,NO,NO,NO,NO,NA,FIN - TKM,NA
7112,NA,Finland,Uzbekistan,Pre-independence,1987,1987,Terminated,FIN,High income,Europe & Central Asia,UZB,Lower middle income,Europe & Central Asia,0,0,0,0,0,36,NO,NO,YES,YES,NO,NO,NO,NO,NO,NO,0,NA,0,0,0,0,0,0,0,NO,NO,NO,NO,NO,NO,NO,NA,FIN - UZB,NA
7115,NA,Romania,Syrian Arab Republic,Original,1987,1993,Terminated,ROU,Upper middle income,Europe & Central Asia,SYR,Low income,Middle East & North Africa,NA,NA,NA,NA,NA,NA,NA,NA,NA,NA,NA,NA,NA,NA,NA,NA,NA,NA,NA,NA,NA,NA,NA,NA,NA,NA,NA,NA,NA,NA,NA,NA,NA,ROU - SYR,NA
7159,NA,Belarus,India,Pre-independence,1988,1990,Terminated,BLR,Upper middle income,Europe & Central Asia,IND,Lower middle income,South Asia,0.65,0.85,0.59,0.5,0.59,6,YES,NO,NO,NO,YES,NO,NO,NO,NO,YES,15,NA,15,15,15,20,15,20,20,NO,YES,YES,NO,YES,NO,NO,NA,BLR - IND,NA
7161,NA,India,Kazakhstan,Pre-independence,1988,1990,Terminated,IND,Lower middle income,South Asia,KAZ,Upper middle income,Europe & Central Asia,0.65,0.85,0.59,0.5,0.59,6,YES,NO,NO,NO,YES,NO,NO,NO,NO,YES,15,NA,15,15,15,20,15,20,20,NO,YES,YES,NO,YES,NO,NO,NA,IND - KAZ,NA
7162,NA,India,Kyrgyz Republic,Pre-independence,1988,1990,Terminated,IND,Lower middle income,South Asia,KGZ,Lower middle income,Europe & Central Asia,0.65,0.85,0.59,0.5,0.59,6,YES,NO,NO,NO,YES,NO,NO,NO,NO,YES,15,NA,15,15,15,20,15,20,20,NO,YES,YES,NO,YES,NO,NO,NA,IND - KGZ,NA
7166,NA,India,Turkmenistan,Pre-independence,1988,1990,Terminated,IND,Lower middle income,South Asia,TKM,Upper middle income,Europe & Central Asia,0.65,0.85,0.59,0.5,0.59,6,YES,NO,NO,NO,YES,NO,NO,NO,NO,YES,15,NA,15,15,15,20,15,20,20,NO,YES,YES,NO,YES,NO,NO,NA,IND - TKM,NA
7167,NA,India,Ukraine,Pre-independence,1988,1990,Terminated,IND,Lower middle income,South Asia,UKR,Lower middle income,Europe & Central Asia,0.65,0.85,0.59,0.5,0.59,6,YES,NO,NO,NO,YES,NO,NO,NO,NO,YES,15,NA,15,15,15,20,15,20,20,NO,YES,YES,NO,YES,NO,NO,NA,IND - UKR,NA
7168,NA,India,Uzbekistan,Pre-independence,1988,1990,Terminated,IND,Lower middle income,South Asia,UZB,Lower middle income,Europe & Central Asia,0.65,0.85,0.59,0.5,0.59,6,YES,NO,NO,NO,YES,NO,NO,NO,NO,YES,15,NA,15,15,15,20,15,20,20,NO,YES,YES,NO,YES,NO,NO,NA,IND - UZB,NA
9918,NA,Kenya,Sweden,Pre-independence,1958,1955,Terminated,KEN,Lower middle income,Sub-Saharan Africa,SWE,High income,Europe & Central Asia,0.13,0,0.19,0.2,0.14,12,NO,NO,NO,YES,NO,NO,NO,NO,NA,NO,0,NA,0,0,0,0,0,0,0,NO,NO,YES,NA,NA,NO,NO,NA,KEN - SWE,NA
9919,NA,Sweden,Uganda,Pre-independence,1958,1955,Terminated,SWE,High income,Europe & Central Asia,UGA,Low income,Sub-Saharan Africa,0.13,0,0.19,0.2,0.14,12,NO,NO,NO,YES,NO,NO,NO,NO,NA,NO,0,NA,0,0,0,0,0,0,0,NO,NO,YES,NA,NA,NO,NO,NA,SWE - UGA,NA
9920,NA,Sweden,Tanzania,Pre-independence,1958,1955,Terminated,SWE,High income,Europe & Central Asia,TZA,Low income,Sub-Saharan Africa,0.13,0,0.19,0.2,0.14,12,NO,NO,NO,YES,NO,NO,NO,NO,NA,NO,0,NA,0,0,0,0,0,0,0,NO,NO,YES,NA,NA,NO,NO,NA,SWE - TZA,NA
9921,NA,Sweden,Zambia,Pre-independence,1958,1955,Terminated,SWE,High income,Europe & Central Asia,ZMB,Lower middle income,Sub-Saharan Africa,0.13,0,0.19,0.2,0.14,12,NO,NO,NO,YES,NO,NO,NO,NO,NA,NO,0,NA,0,0,0,0,0,0,0,NO,NO,YES,NA,NA,NO,NO,NA,SWE - ZMB,NA
9922,NA,Sweden,Zimbabwe,Pre-independence,1958,1955,Terminated,SWE,High income,Europe & Central Asia,ZWE,Lower middle income,Sub-Saharan Africa,0.13,0,0.19,0.2,0.14,12,NO,NO,NO,YES,NO,NO,NO,NO,NA,NO,0,NA,0,0,0,0,0,0,0,NO,NO,YES,NA,NA,NO,NO,NA,SWE - ZWE,NA
10010,6123,Germany,Pakistan,Amended by protocol,1959,NA,Terminated,DEU,High income,Europe & Central Asia,PAK,Lower middle income,South Asia,NA,NA,NA,NA,NA,NA,NA,NA,NA,NA,NA,NA,NA,NA,NA,NA,NA,NA,NA,NA,NA,NA,NA,NA,NA,NA,NA,NA,NA,NA,NA,NA,NA,DEU - PAK,NA
10027,6123,Germany,Pakistan,Amended by protocol,1970,NA,Terminated,DEU,High income,Europe & Central Asia,PAK,Lower middle income,South Asia,0.22,0.44,0.22,0,0.17,6,NO,NO,YES,YES,YES,NO,NO,NO,NO,NO,10,NA,NO LIMIT,20,20,0,0,0,0,NA,NA,NA,NA,NA,NO,NO,NA,DEU - PAK,NA
10096,6130,Germany,India,Amended by protocol,1984,NA,Terminated,DEU,High income,Europe & Central Asia,IND,Lower middle income,South Asia,0.63,0.84,0.47,0.57,0.56,6,NO,NO,NO,NO,YES,NO,NO,NO,YES,NO,15,NA,15,15,10,20,20,20,20,NA,YES,YES,NO,YES,NO,NO,NA,DEU - IND,NA
10204,6390,Libya,Malta,Amended by protocol,1995,NA,Terminated,LBY,Upper middle income,Middle East & North Africa,MLT,High income,Middle East & North Africa,0.38,0.56,0.38,0.2,0.29,0,NO,NO,NO,NO,NO,NO,NO,NO,NO,NO,15,NA,15,15,15,15,15,15,0,NA,NA,YES,NO,NA,NO,NO,NA,LBY - MLT,NA
10227,6891,Belgium,China,Amended by protocol,1996,NA,Terminated,BEL,High income,Europe & Central Asia,CHN,Upper middle income,East Asia & Pacific,0.48,0.36,0.47,0.63,0.53,6,YES,6,YES,YES,NO,NO,YES,NO,YES,NO,10,NA,10,10,10,10,10,6,0,YES,YES,YES,NO,YES,NO,NO,NA,BEL - CHN,NA
10253,6350,Netherlands,South Africa,Amended by protocol,1998,NA,Terminated,NLD,High income,Europe & Central Asia,ZAF,Upper middle income,Sub-Saharan Africa,0.15,0.25,0.06,0.13,0.06,12,NO,NO,YES,YES,NO,NO,NO,NO,NO,NO,5,25,15,10,10,0,0,0,0,NO,NO,YES,NO,NO,NO,NO,NA,NLD - ZAF,NA
10292,6416,Finland,Morocco,Amended by protocol,2001,NA,Terminated,FIN,High income,Europe & Central Asia,MAR,Lower middle income,Middle East & North Africa,0.26,0.44,0.22,0.13,0.18,6,NO,NO,YES,YES,YES,NO,NO,NO,NO,NO,15,NA,15,10,10,10,10,10,0,NO,NO,YES,NO,NO,NO,YES,NA,FIN - MAR,NA
10367,7789,Argentina,Switzerland,Amended by protocol,2006,2012,Terminated,ARG,Upper middle income,Latin America & Caribbean,CHE,High income,Europe & Central Asia,0.42,0.54,0.59,0.14,0.44,6,YES,6,YES,YES,NO,YES,YES,NO,NO,NO,10,25,15,12,12,10,5,10,10,NO,NO,YES,NO,NA,NO,NO,NA,ARG - CHE,NA
10861,6165,Switzerland,Zimbabwe,Pre-independence,1961,NA,Terminated,CHE,High income,Europe & Central Asia,ZWE,Lower middle income,Sub-Saharan Africa,0.16,0,0.31,0.17,0.2,12,NO,NO,NO,NO,NO,NO,NO,NO,NO,NO,0,NA,0,0,0,NA,NA,NA,0,NO,NO,YES,NA,NA,NO,NO,NA,CHE - ZWE,NA
11004,6232,Gabon,France,Amended by protocol,1973,NA,Terminated,GAB,Upper middle income,Sub-Saharan Africa,FRA,High income,Europe & Central Asia,NA,NA,NA,NA,NA,NA,NA,NA,NA,NA,NA,NA,NA,NA,NA,NA,NA,NA,NA,NA,NA,NA,NA,NA,NA,NA,NA,NA,NA,NA,NA,NA,NA,GAB - FRA,NA
11008,6035,Lesotho,United Kingdom,Amended by protocol,1968,NA,Terminated,LSO,Lower middle income,Sub-Saharan Africa,GBR,High income,Europe & Central Asia,0.25,0,0.5,0.25,NA,NA,NA,NO,NO,NO,YES,NO,NO,NO,NO,NO,0,NA,0,NA,NA,0,0,0,0,NA,NA,YES,NA,NA,NO,NO,NA,LSO - GBR,NA
11014,6145,Switzerland,Pakistan,Amended by protocol,1962,NA,Terminated,CHE,High income,Europe & Central Asia,PAK,Lower middle income,South Asia,0.33,0.5,0.17,0.33,NA,NA,NA,NO,YES,YES,YES,NO,NO,NO,NO,YES,20,NA,20,30,30,0,0,0,0,NO,NA,YES,NO,NA,NO,NO,NA,CHE - PAK,NA
15000,OCAM,Benin,Burkina Faso,Multilateral,1971,1971,Terminated,BEN,Low income,Sub-Saharan Africa,BFA,Low income,Sub-Saharan Africa,0.32,0,0.75,0.2,0.5,0,NO,NO,NO,NO,YES,YES,YES,NO,NO,NA,NA,NA,NA,0,0,0,0,0,0,NA,NA,YES,NO,NO,NO,YES,NA,BEN - BFA,NA
15000,OCAM,Benin,Cameroon,Multilateral,1971,1971,Terminated,BEN,Low income,Sub-Saharan Africa,CMR,Lower middle income,Sub-Saharan Africa,0.32,0,0.75,0.2,0.5,0,NO,NO,NO,NO,YES,YES,YES,NO,NO,NA,NA,NA,NA,0,0,0,0,0,0,NA,NA,YES,NO,NO,NO,YES,NA,BEN - CMR,NA
15000,OCAM,Benin,Central African Republic,Multilateral,1971,1971,Terminated,BEN,Low income,Sub-Saharan Africa,CAF,Low income,Sub-Saharan Africa,0.32,0,0.75,0.2,0.5,0,NO,NO,NO,NO,YES,YES,YES,NO,NO,NA,NA,NA,NA,0,0,0,0,0,0,NA,NA,YES,NO,NO,NO,YES,NA,BEN - CAF,NA
15000,OCAM,Benin,Chad,Multilateral,1971,1971,Terminated,BEN,Low income,Sub-Saharan Africa,TCD,Low income,Sub-Saharan Africa,0.32,0,0.75,0.2,0.5,0,NO,NO,NO,NO,YES,YES,YES,NO,NO,NA,NA,NA,NA,0,0,0,0,0,0,NA,NA,YES,NO,NO,NO,YES,NA,BEN - TCD,NA
15000,OCAM,Benin,"Congo, Dem. Rep.",Multilateral,1971,1971,Terminated,BEN,Low income,Sub-Saharan Africa,COD,Low income,Sub-Saharan Africa,0.32,0,0.75,0.2,0.5,0,NO,NO,NO,NO,YES,YES,YES,NO,NO,NA,NA,NA,NA,0,0,0,0,0,0,NA,NA,YES,NO,NO,NO,YES,NA,BEN - COD,NA
15000,OCAM,Benin,"Congo, Rep.",Multilateral,1971,1971,Terminated,BEN,Low income,Sub-Saharan Africa,COG,Lower middle income,Sub-Saharan Africa,0.32,0,0.75,0.2,0.5,0,NO,NO,NO,NO,YES,YES,YES,NO,NO,NA,NA,NA,NA,0,0,0,0,0,0,NA,NA,YES,NO,NO,NO,YES,NA,BEN - COG,NA
15000,OCAM,Benin,Côte d'Ivoire,Multilateral,1971,1971,Terminated,BEN,Low income,Sub-Saharan Africa,CIV,Lower middle income,Sub-Saharan Africa,0.32,0,0.75,0.2,0.5,0,NO,NO,NO,NO,YES,YES,YES,NO,NO,NA,NA,NA,NA,0,0,0,0,0,0,NA,NA,YES,NO,NO,NO,YES,NA,BEN - CIV,NA
15000,OCAM,Benin,Madagascar,Multilateral,1971,1971,Terminated,BEN,Low income,Sub-Saharan Africa,MDG,Low income,Sub-Saharan Africa,0.32,0,0.75,0.2,0.5,0,NO,NO,NO,NO,YES,YES,YES,NO,NO,NA,NA,NA,NA,0,0,0,0,0,0,NA,NA,YES,NO,NO,NO,YES,NA,BEN - MDG,NA
15000,OCAM,Benin,Mauritius,Multilateral,1971,1971,Terminated,BEN,Low income,Sub-Saharan Africa,MUS,Upper middle income,Sub-Saharan Africa,0.32,0,0.75,0.2,0.5,0,NO,NO,NO,NO,YES,YES,YES,NO,NO,NA,NA,NA,NA,0,0,0,0,0,0,NA,NA,YES,NO,NO,NO,YES,NA,BEN - MUS,NA
15000,OCAM,Benin,Niger,Multilateral,1971,1971,Terminated,BEN,Low income,Sub-Saharan Africa,NER,Low income,Sub-Saharan Africa,0.32,0,0.75,0.2,0.5,0,NO,NO,NO,NO,YES,YES,YES,NO,NO,NA,NA,NA,NA,0,0,0,0,0,0,NA,NA,YES,NO,NO,NO,YES,NA,BEN - NER,NA
15000,OCAM,Benin,Rwanda,Multilateral,1971,1971,Terminated,BEN,Low income,Sub-Saharan Africa,RWA,Low income,Sub-Saharan Africa,0.32,0,0.75,0.2,0.5,0,NO,NO,NO,NO,YES,YES,YES,NO,NO,NA,NA,NA,NA,0,0,0,0,0,0,NA,NA,YES,NO,NO,NO,YES,NA,BEN - RWA,NA
15000,OCAM,Benin,Senegal,Multilateral,1971,1971,Terminated,BEN,Low income,Sub-Saharan Africa,SEN,Lower middle income,Sub-Saharan Africa,0.32,0,0.75,0.2,0.5,0,NO,NO,NO,NO,YES,YES,YES,NO,NO,NA,NA,NA,NA,0,0,0,0,0,0,NA,NA,YES,NO,NO,NO,YES,NA,BEN - SEN,NA
15000,OCAM,Benin,Togo,Multilateral,1971,1971,Terminated,BEN,Low income,Sub-Saharan Africa,TGO,Low income,Sub-Saharan Africa,0.32,0,0.75,0.2,0.5,0,NO,NO,NO,NO,YES,YES,YES,NO,NO,NA,NA,NA,NA,0,0,0,0,0,0,NA,NA,YES,NO,NO,NO,YES,NA,BEN - TGO,NA
15000,OCAM,Burkina Faso,Cameroon,Multilateral,1971,1971,Terminated,BFA,Low income,Sub-Saharan Africa,CMR,Lower middle income,Sub-Saharan Africa,0.32,0,0.75,0.2,0.5,0,NO,NO,NO,NO,YES,YES,YES,NO,NO,NA,NA,NA,NA,0,0,0,0,0,0,NA,NA,YES,NO,NO,NO,YES,NA,BFA - CMR,NA
15000,OCAM,Burkina Faso,Central African Republic,Multilateral,1971,1971,Terminated,BFA,Low income,Sub-Saharan Africa,CAF,Low income,Sub-Saharan Africa,0.32,0,0.75,0.2,0.5,0,NO,NO,NO,NO,YES,YES,YES,NO,NO,NA,NA,NA,NA,0,0,0,0,0,0,NA,NA,YES,NO,NO,NO,YES,NA,BFA - CAF,NA
15000,OCAM,Burkina Faso,Chad,Multilateral,1971,1971,Terminated,BFA,Low income,Sub-Saharan Africa,TCD,Low income,Sub-Saharan Africa,0.32,0,0.75,0.2,0.5,0,NO,NO,NO,NO,YES,YES,YES,NO,NO,NA,NA,NA,NA,0,0,0,0,0,0,NA,NA,YES,NO,NO,NO,YES,NA,BFA - TCD,NA
15000,OCAM,Burkina Faso,"Congo, Dem. Rep.",Multilateral,1971,1971,Terminated,BFA,Low income,Sub-Saharan Africa,COD,Low income,Sub-Saharan Africa,0.32,0,0.75,0.2,0.5,0,NO,NO,NO,NO,YES,YES,YES,NO,NO,NA,NA,NA,NA,0,0,0,0,0,0,NA,NA,YES,NO,NO,NO,YES,NA,BFA - COD,NA
15000,OCAM,Burkina Faso,"Congo, Rep.",Multilateral,1971,1971,Terminated,BFA,Low income,Sub-Saharan Africa,COG,Lower middle income,Sub-Saharan Africa,0.32,0,0.75,0.2,0.5,0,NO,NO,NO,NO,YES,YES,YES,NO,NO,NA,NA,NA,NA,0,0,0,0,0,0,NA,NA,YES,NO,NO,NO,YES,NA,BFA - COG,NA
15000,OCAM,Burkina Faso,Côte d'Ivoire,Multilateral,1971,1971,Terminated,BFA,Low income,Sub-Saharan Africa,CIV,Lower middle income,Sub-Saharan Africa,0.32,0,0.75,0.2,0.5,0,NO,NO,NO,NO,YES,YES,YES,NO,NO,NA,NA,NA,NA,0,0,0,0,0,0,NA,NA,YES,NO,NO,NO,YES,NA,BFA - CIV,NA
15000,OCAM,Burkina Faso,Madagascar,Multilateral,1971,1971,Terminated,BFA,Low income,Sub-Saharan Africa,MDG,Low income,Sub-Saharan Africa,0.32,0,0.75,0.2,0.5,0,NO,NO,NO,NO,YES,YES,YES,NO,NO,NA,NA,NA,NA,0,0,0,0,0,0,NA,NA,YES,NO,NO,NO,YES,NA,BFA - MDG,NA
15000,OCAM,Burkina Faso,Mauritius,Multilateral,1971,1971,Terminated,BFA,Low income,Sub-Saharan Africa,MUS,Upper middle income,Sub-Saharan Africa,0.32,0,0.75,0.2,0.5,0,NO,NO,NO,NO,YES,YES,YES,NO,NO,NA,NA,NA,NA,0,0,0,0,0,0,NA,NA,YES,NO,NO,NO,YES,NA,BFA - MUS,NA
15000,OCAM,Burkina Faso,Niger,Multilateral,1971,1971,Terminated,BFA,Low income,Sub-Saharan Africa,NER,Low income,Sub-Saharan Africa,0.32,0,0.75,0.2,0.5,0,NO,NO,NO,NO,YES,YES,YES,NO,NO,NA,NA,NA,NA,0,0,0,0,0,0,NA,NA,YES,NO,NO,NO,YES,NA,BFA - NER,NA
15000,OCAM,Burkina Faso,Rwanda,Multilateral,1971,1971,Terminated,BFA,Low income,Sub-Saharan Africa,RWA,Low income,Sub-Saharan Africa,0.32,0,0.75,0.2,0.5,0,NO,NO,NO,NO,YES,YES,YES,NO,NO,NA,NA,NA,NA,0,0,0,0,0,0,NA,NA,YES,NO,NO,NO,YES,NA,BFA - RWA,NA
15000,OCAM,Burkina Faso,Senegal,Multilateral,1971,1971,Terminated,BFA,Low income,Sub-Saharan Africa,SEN,Lower middle income,Sub-Saharan Africa,0.32,0,0.75,0.2,0.5,0,NO,NO,NO,NO,YES,YES,YES,NO,NO,NA,NA,NA,NA,0,0,0,0,0,0,NA,NA,YES,NO,NO,NO,YES,NA,BFA - SEN,NA
15000,OCAM,Burkina Faso,Togo,Multilateral,1971,1971,Terminated,BFA,Low income,Sub-Saharan Africa,TGO,Low income,Sub-Saharan Africa,0.32,0,0.75,0.2,0.5,0,NO,NO,NO,NO,YES,YES,YES,NO,NO,NA,NA,NA,NA,0,0,0,0,0,0,NA,NA,YES,NO,NO,NO,YES,NA,BFA - TGO,NA
15000,OCAM,Cameroon,Central African Republic,Multilateral,1971,1971,Terminated,CMR,Lower middle income,Sub-Saharan Africa,CAF,Low income,Sub-Saharan Africa,0.32,0,0.75,0.2,0.5,0,NO,NO,NO,NO,YES,YES,YES,NO,NO,NA,NA,NA,NA,0,0,0,0,0,0,NA,NA,YES,NO,NO,NO,YES,NA,CMR - CAF,NA
15000,OCAM,Cameroon,Chad,Multilateral,1971,1971,Terminated,CMR,Lower middle income,Sub-Saharan Africa,TCD,Low income,Sub-Saharan Africa,0.32,0,0.75,0.2,0.5,0,NO,NO,NO,NO,YES,YES,YES,NO,NO,NA,NA,NA,NA,0,0,0,0,0,0,NA,NA,YES,NO,NO,NO,YES,NA,CMR - TCD,NA
15000,OCAM,Cameroon,"Congo, Dem. Rep.",Multilateral,1971,1971,Terminated,CMR,Lower middle income,Sub-Saharan Africa,COD,Low income,Sub-Saharan Africa,0.32,0,0.75,0.2,0.5,0,NO,NO,NO,NO,YES,YES,YES,NO,NO,NA,NA,NA,NA,0,0,0,0,0,0,NA,NA,YES,NO,NO,NO,YES,NA,CMR - COD,NA
15000,OCAM,Cameroon,"Congo, Rep.",Multilateral,1971,1971,Terminated,CMR,Lower middle income,Sub-Saharan Africa,COG,Lower middle income,Sub-Saharan Africa,0.32,0,0.75,0.2,0.5,0,NO,NO,NO,NO,YES,YES,YES,NO,NO,NA,NA,NA,NA,0,0,0,0,0,0,NA,NA,YES,NO,NO,NO,YES,NA,CMR - COG,NA
15000,OCAM,Cameroon,Côte d'Ivoire,Multilateral,1971,1971,Terminated,CMR,Lower middle income,Sub-Saharan Africa,CIV,Lower middle income,Sub-Saharan Africa,0.32,0,0.75,0.2,0.5,0,NO,NO,NO,NO,YES,YES,YES,NO,NO,NA,NA,NA,NA,0,0,0,0,0,0,NA,NA,YES,NO,NO,NO,YES,NA,CMR - CIV,NA
15000,OCAM,Cameroon,Madagascar,Multilateral,1971,1971,Terminated,CMR,Lower middle income,Sub-Saharan Africa,MDG,Low income,Sub-Saharan Africa,0.32,0,0.75,0.2,0.5,0,NO,NO,NO,NO,YES,YES,YES,NO,NO,NA,NA,NA,NA,0,0,0,0,0,0,NA,NA,YES,NO,NO,NO,YES,NA,CMR - MDG,NA
15000,OCAM,Cameroon,Mauritius,Multilateral,1971,1971,Terminated,CMR,Lower middle income,Sub-Saharan Africa,MUS,Upper middle income,Sub-Saharan Africa,0.32,0,0.75,0.2,0.5,0,NO,NO,NO,NO,YES,YES,YES,NO,NO,NA,NA,NA,NA,0,0,0,0,0,0,NA,NA,YES,NO,NO,NO,YES,NA,CMR - MUS,NA
15000,OCAM,Cameroon,Niger,Multilateral,1971,1971,Terminated,CMR,Lower middle income,Sub-Saharan Africa,NER,Low income,Sub-Saharan Africa,0.32,0,0.75,0.2,0.5,0,NO,NO,NO,NO,YES,YES,YES,NO,NO,NA,NA,NA,NA,0,0,0,0,0,0,NA,NA,YES,NO,NO,NO,YES,NA,CMR - NER,NA
15000,OCAM,Cameroon,Rwanda,Multilateral,1971,1971,Terminated,CMR,Lower middle income,Sub-Saharan Africa,RWA,Low income,Sub-Saharan Africa,0.32,0,0.75,0.2,0.5,0,NO,NO,NO,NO,YES,YES,YES,NO,NO,NA,NA,NA,NA,0,0,0,0,0,0,NA,NA,YES,NO,NO,NO,YES,NA,CMR - RWA,NA
15000,OCAM,Cameroon,Senegal,Multilateral,1971,1971,Terminated,CMR,Lower middle income,Sub-Saharan Africa,SEN,Lower middle income,Sub-Saharan Africa,0.32,0,0.75,0.2,0.5,0,NO,NO,NO,NO,YES,YES,YES,NO,NO,NA,NA,NA,NA,0,0,0,0,0,0,NA,NA,YES,NO,NO,NO,YES,NA,CMR - SEN,NA
15000,OCAM,Cameroon,Togo,Multilateral,1971,1971,Terminated,CMR,Lower middle income,Sub-Saharan Africa,TGO,Low income,Sub-Saharan Africa,0.32,0,0.75,0.2,0.5,0,NO,NO,NO,NO,YES,YES,YES,NO,NO,NA,NA,NA,NA,0,0,0,0,0,0,NA,NA,YES,NO,NO,NO,YES,NA,CMR - TGO,NA
15000,OCAM,Central African Republic,Chad,Multilateral,1971,1971,Terminated,CAF,Low income,Sub-Saharan Africa,TCD,Low income,Sub-Saharan Africa,0.32,0,0.75,0.2,0.5,0,NO,NO,NO,NO,YES,YES,YES,NO,NO,NA,NA,NA,NA,0,0,0,0,0,0,NA,NA,YES,NO,NO,NO,YES,NA,CAF - TCD,NA
15000,OCAM,Central African Republic,"Congo, Dem. Rep.",Multilateral,1971,1971,Terminated,CAF,Low income,Sub-Saharan Africa,COD,Low income,Sub-Saharan Africa,0.32,0,0.75,0.2,0.5,0,NO,NO,NO,NO,YES,YES,YES,NO,NO,NA,NA,NA,NA,0,0,0,0,0,0,NA,NA,YES,NO,NO,NO,YES,NA,CAF - COD,NA
15000,OCAM,Central African Republic,"Congo, Rep.",Multilateral,1971,1971,Terminated,CAF,Low income,Sub-Saharan Africa,COG,Lower middle income,Sub-Saharan Africa,0.32,0,0.75,0.2,0.5,0,NO,NO,NO,NO,YES,YES,YES,NO,NO,NA,NA,NA,NA,0,0,0,0,0,0,NA,NA,YES,NO,NO,NO,YES,NA,CAF - COG,NA
15000,OCAM,Central African Republic,Côte d'Ivoire,Multilateral,1971,1971,Terminated,CAF,Low income,Sub-Saharan Africa,CIV,Lower middle income,Sub-Saharan Africa,0.32,0,0.75,0.2,0.5,0,NO,NO,NO,NO,YES,YES,YES,NO,NO,NA,NA,NA,NA,0,0,0,0,0,0,NA,NA,YES,NO,NO,NO,YES,NA,CAF - CIV,NA
15000,OCAM,Central African Republic,Madagascar,Multilateral,1971,1971,Terminated,CAF,Low income,Sub-Saharan Africa,MDG,Low income,Sub-Saharan Africa,0.32,0,0.75,0.2,0.5,0,NO,NO,NO,NO,YES,YES,YES,NO,NO,NA,NA,NA,NA,0,0,0,0,0,0,NA,NA,YES,NO,NO,NO,YES,NA,CAF - MDG,NA
15000,OCAM,Central African Republic,Mauritius,Multilateral,1971,1971,Terminated,CAF,Low income,Sub-Saharan Africa,MUS,Upper middle income,Sub-Saharan Africa,0.32,0,0.75,0.2,0.5,0,NO,NO,NO,NO,YES,YES,YES,NO,NO,NA,NA,NA,NA,0,0,0,0,0,0,NA,NA,YES,NO,NO,NO,YES,NA,CAF - MUS,NA
15000,OCAM,Central African Republic,Niger,Multilateral,1971,1971,Terminated,CAF,Low income,Sub-Saharan Africa,NER,Low income,Sub-Saharan Africa,0.32,0,0.75,0.2,0.5,0,NO,NO,NO,NO,YES,YES,YES,NO,NO,NA,NA,NA,NA,0,0,0,0,0,0,NA,NA,YES,NO,NO,NO,YES,NA,CAF - NER,NA
15000,OCAM,Central African Republic,Rwanda,Multilateral,1971,1971,Terminated,CAF,Low income,Sub-Saharan Africa,RWA,Low income,Sub-Saharan Africa,0.32,0,0.75,0.2,0.5,0,NO,NO,NO,NO,YES,YES,YES,NO,NO,NA,NA,NA,NA,0,0,0,0,0,0,NA,NA,YES,NO,NO,NO,YES,NA,CAF - RWA,NA
15000,OCAM,Central African Republic,Senegal,Multilateral,1971,1971,Terminated,CAF,Low income,Sub-Saharan Africa,SEN,Lower middle income,Sub-Saharan Africa,0.32,0,0.75,0.2,0.5,0,NO,NO,NO,NO,YES,YES,YES,NO,NO,NA,NA,NA,NA,0,0,0,0,0,0,NA,NA,YES,NO,NO,NO,YES,NA,CAF - SEN,NA
15000,OCAM,Central African Republic,Togo,Multilateral,1971,1971,Terminated,CAF,Low income,Sub-Saharan Africa,TGO,Low income,Sub-Saharan Africa,0.32,0,0.75,0.2,0.5,0,NO,NO,NO,NO,YES,YES,YES,NO,NO,NA,NA,NA,NA,0,0,0,0,0,0,NA,NA,YES,NO,NO,NO,YES,NA,CAF - TGO,NA
15000,OCAM,Chad,"Congo, Dem. Rep.",Multilateral,1971,1971,Terminated,TCD,Low income,Sub-Saharan Africa,COD,Low income,Sub-Saharan Africa,0.32,0,0.75,0.2,0.5,0,NO,NO,NO,NO,YES,YES,YES,NO,NO,NA,NA,NA,NA,0,0,0,0,0,0,NA,NA,YES,NO,NO,NO,YES,NA,TCD - COD,NA
15000,OCAM,Chad,"Congo, Rep.",Multilateral,1971,1971,Terminated,TCD,Low income,Sub-Saharan Africa,COG,Lower middle income,Sub-Saharan Africa,0.32,0,0.75,0.2,0.5,0,NO,NO,NO,NO,YES,YES,YES,NO,NO,NA,NA,NA,NA,0,0,0,0,0,0,NA,NA,YES,NO,NO,NO,YES,NA,TCD - COG,NA
15000,OCAM,Chad,Côte d'Ivoire,Multilateral,1971,1971,Terminated,TCD,Low income,Sub-Saharan Africa,CIV,Lower middle income,Sub-Saharan Africa,0.32,0,0.75,0.2,0.5,0,NO,NO,NO,NO,YES,YES,YES,NO,NO,NA,NA,NA,NA,0,0,0,0,0,0,NA,NA,YES,NO,NO,NO,YES,NA,TCD - CIV,NA
15000,OCAM,Chad,Madagascar,Multilateral,1971,1971,Terminated,TCD,Low income,Sub-Saharan Africa,MDG,Low income,Sub-Saharan Africa,0.32,0,0.75,0.2,0.5,0,NO,NO,NO,NO,YES,YES,YES,NO,NO,NA,NA,NA,NA,0,0,0,0,0,0,NA,NA,YES,NO,NO,NO,YES,NA,TCD - MDG,NA
15000,OCAM,Chad,Mauritius,Multilateral,1971,1971,Terminated,TCD,Low income,Sub-Saharan Africa,MUS,Upper middle income,Sub-Saharan Africa,0.32,0,0.75,0.2,0.5,0,NO,NO,NO,NO,YES,YES,YES,NO,NO,NA,NA,NA,NA,0,0,0,0,0,0,NA,NA,YES,NO,NO,NO,YES,NA,TCD - MUS,NA
15000,OCAM,Chad,Niger,Multilateral,1971,1971,Terminated,TCD,Low income,Sub-Saharan Africa,NER,Low income,Sub-Saharan Africa,0.32,0,0.75,0.2,0.5,0,NO,NO,NO,NO,YES,YES,YES,NO,NO,NA,NA,NA,NA,0,0,0,0,0,0,NA,NA,YES,NO,NO,NO,YES,NA,TCD - NER,NA
15000,OCAM,Chad,Rwanda,Multilateral,1971,1971,Terminated,TCD,Low income,Sub-Saharan Africa,RWA,Low income,Sub-Saharan Africa,0.32,0,0.75,0.2,0.5,0,NO,NO,NO,NO,YES,YES,YES,NO,NO,NA,NA,NA,NA,0,0,0,0,0,0,NA,NA,YES,NO,NO,NO,YES,NA,TCD - RWA,NA
15000,OCAM,Chad,Senegal,Multilateral,1971,1971,Terminated,TCD,Low income,Sub-Saharan Africa,SEN,Lower middle income,Sub-Saharan Africa,0.32,0,0.75,0.2,0.5,0,NO,NO,NO,NO,YES,YES,YES,NO,NO,NA,NA,NA,NA,0,0,0,0,0,0,NA,NA,YES,NO,NO,NO,YES,NA,TCD - SEN,NA
15000,OCAM,Chad,Togo,Multilateral,1971,1971,Terminated,TCD,Low income,Sub-Saharan Africa,TGO,Low income,Sub-Saharan Africa,0.32,0,0.75,0.2,0.5,0,NO,NO,NO,NO,YES,YES,YES,NO,NO,NA,NA,NA,NA,0,0,0,0,0,0,NA,NA,YES,NO,NO,NO,YES,NA,TCD - TGO,NA
15000,OCAM,"Congo, Dem. Rep.","Congo, Rep.",Multilateral,1971,1971,Terminated,COD,Low income,Sub-Saharan Africa,COG,Lower middle income,Sub-Saharan Africa,0.32,0,0.75,0.2,0.5,0,NO,NO,NO,NO,YES,YES,YES,NO,NO,NA,NA,NA,NA,0,0,0,0,0,0,NA,NA,YES,NO,NO,NO,YES,NA,COD - COG,NA
15000,OCAM,"Congo, Dem. Rep.",Côte d'Ivoire,Multilateral,1971,1971,Terminated,COD,Low income,Sub-Saharan Africa,CIV,Lower middle income,Sub-Saharan Africa,0.32,0,0.75,0.2,0.5,0,NO,NO,NO,NO,YES,YES,YES,NO,NO,NA,NA,NA,NA,0,0,0,0,0,0,NA,NA,YES,NO,NO,NO,YES,NA,COD - CIV,NA
15000,OCAM,"Congo, Dem. Rep.",Madagascar,Multilateral,1971,1971,Terminated,COD,Low income,Sub-Saharan Africa,MDG,Low income,Sub-Saharan Africa,0.32,0,0.75,0.2,0.5,0,NO,NO,NO,NO,YES,YES,YES,NO,NO,NA,NA,NA,NA,0,0,0,0,0,0,NA,NA,YES,NO,NO,NO,YES,NA,COD - MDG,NA
15000,OCAM,"Congo, Dem. Rep.",Mauritius,Multilateral,1971,1971,Terminated,COD,Low income,Sub-Saharan Africa,MUS,Upper middle income,Sub-Saharan Africa,0.32,0,0.75,0.2,0.5,0,NO,NO,NO,NO,YES,YES,YES,NO,NO,NA,NA,NA,NA,0,0,0,0,0,0,NA,NA,YES,NO,NO,NO,YES,NA,COD - MUS,NA
15000,OCAM,"Congo, Dem. Rep.",Niger,Multilateral,1971,1971,Terminated,COD,Low income,Sub-Saharan Africa,NER,Low income,Sub-Saharan Africa,0.32,0,0.75,0.2,0.5,0,NO,NO,NO,NO,YES,YES,YES,NO,NO,NA,NA,NA,NA,0,0,0,0,0,0,NA,NA,YES,NO,NO,NO,YES,NA,COD - NER,NA
15000,OCAM,"Congo, Dem. Rep.",Rwanda,Multilateral,1971,1971,Terminated,COD,Low income,Sub-Saharan Africa,RWA,Low income,Sub-Saharan Africa,0.32,0,0.75,0.2,0.5,0,NO,NO,NO,NO,YES,YES,YES,NO,NO,NA,NA,NA,NA,0,0,0,0,0,0,NA,NA,YES,NO,NO,NO,YES,NA,COD - RWA,NA
15000,OCAM,"Congo, Dem. Rep.",Senegal,Multilateral,1971,1971,Terminated,COD,Low income,Sub-Saharan Africa,SEN,Lower middle income,Sub-Saharan Africa,0.32,0,0.75,0.2,0.5,0,NO,NO,NO,NO,YES,YES,YES,NO,NO,NA,NA,NA,NA,0,0,0,0,0,0,NA,NA,YES,NO,NO,NO,YES,NA,COD - SEN,NA
15000,OCAM,"Congo, Dem. Rep.",Togo,Multilateral,1971,1971,Terminated,COD,Low income,Sub-Saharan Africa,TGO,Low income,Sub-Saharan Africa,0.32,0,0.75,0.2,0.5,0,NO,NO,NO,NO,YES,YES,YES,NO,NO,NA,NA,NA,NA,0,0,0,0,0,0,NA,NA,YES,NO,NO,NO,YES,NA,COD - TGO,NA
15000,OCAM,"Congo, Rep.",Côte d'Ivoire,Multilateral,1971,1971,Terminated,COG,Lower middle income,Sub-Saharan Africa,CIV,Lower middle income,Sub-Saharan Africa,0.32,0,0.75,0.2,0.5,0,NO,NO,NO,NO,YES,YES,YES,NO,NO,NA,NA,NA,NA,0,0,0,0,0,0,NA,NA,YES,NO,NO,NO,YES,NA,COG - CIV,NA
15000,OCAM,"Congo, Rep.",Madagascar,Multilateral,1971,1971,Terminated,COG,Lower middle income,Sub-Saharan Africa,MDG,Low income,Sub-Saharan Africa,0.32,0,0.75,0.2,0.5,0,NO,NO,NO,NO,YES,YES,YES,NO,NO,NA,NA,NA,NA,0,0,0,0,0,0,NA,NA,YES,NO,NO,NO,YES,NA,COG - MDG,NA
15000,OCAM,"Congo, Rep.",Mauritius,Multilateral,1971,1971,Terminated,COG,Lower middle income,Sub-Saharan Africa,MUS,Upper middle income,Sub-Saharan Africa,0.32,0,0.75,0.2,0.5,0,NO,NO,NO,NO,YES,YES,YES,NO,NO,NA,NA,NA,NA,0,0,0,0,0,0,NA,NA,YES,NO,NO,NO,YES,NA,COG - MUS,NA
15000,OCAM,"Congo, Rep.",Niger,Multilateral,1971,1971,Terminated,COG,Lower middle income,Sub-Saharan Africa,NER,Low income,Sub-Saharan Africa,0.32,0,0.75,0.2,0.5,0,NO,NO,NO,NO,YES,YES,YES,NO,NO,NA,NA,NA,NA,0,0,0,0,0,0,NA,NA,YES,NO,NO,NO,YES,NA,COG - NER,NA
15000,OCAM,"Congo, Rep.",Rwanda,Multilateral,1971,1971,Terminated,COG,Lower middle income,Sub-Saharan Africa,RWA,Low income,Sub-Saharan Africa,0.32,0,0.75,0.2,0.5,0,NO,NO,NO,NO,YES,YES,YES,NO,NO,NA,NA,NA,NA,0,0,0,0,0,0,NA,NA,YES,NO,NO,NO,YES,NA,COG - RWA,NA
15000,OCAM,"Congo, Rep.",Senegal,Multilateral,1971,1971,Terminated,COG,Lower middle income,Sub-Saharan Africa,SEN,Lower middle income,Sub-Saharan Africa,0.32,0,0.75,0.2,0.5,0,NO,NO,NO,NO,YES,YES,YES,NO,NO,NA,NA,NA,NA,0,0,0,0,0,0,NA,NA,YES,NO,NO,NO,YES,NA,COG - SEN,NA
15000,OCAM,"Congo, Rep.",Togo,Multilateral,1971,1971,Terminated,COG,Lower middle income,Sub-Saharan Africa,TGO,Low income,Sub-Saharan Africa,0.32,0,0.75,0.2,0.5,0,NO,NO,NO,NO,YES,YES,YES,NO,NO,NA,NA,NA,NA,0,0,0,0,0,0,NA,NA,YES,NO,NO,NO,YES,NA,COG - TGO,NA
15000,OCAM,Côte d'Ivoire,Madagascar,Multilateral,1971,1971,Terminated,CIV,Lower middle income,Sub-Saharan Africa,MDG,Low income,Sub-Saharan Africa,0.32,0,0.75,0.2,0.5,0,NO,NO,NO,NO,YES,YES,YES,NO,NO,NA,NA,NA,NA,0,0,0,0,0,0,NA,NA,YES,NO,NO,NO,YES,NA,CIV - MDG,NA
15000,OCAM,Côte d'Ivoire,Mauritius,Multilateral,1971,1971,Terminated,CIV,Lower middle income,Sub-Saharan Africa,MUS,Upper middle income,Sub-Saharan Africa,0.32,0,0.75,0.2,0.5,0,NO,NO,NO,NO,YES,YES,YES,NO,NO,NA,NA,NA,NA,0,0,0,0,0,0,NA,NA,YES,NO,NO,NO,YES,NA,CIV - MUS,NA
15000,OCAM,Côte d'Ivoire,Niger,Multilateral,1971,1971,Terminated,CIV,Lower middle income,Sub-Saharan Africa,NER,Low income,Sub-Saharan Africa,0.32,0,0.75,0.2,0.5,0,NO,NO,NO,NO,YES,YES,YES,NO,NO,NA,NA,NA,NA,0,0,0,0,0,0,NA,NA,YES,NO,NO,NO,YES,NA,CIV - NER,NA
15000,OCAM,Côte d'Ivoire,Rwanda,Multilateral,1971,1971,Terminated,CIV,Lower middle income,Sub-Saharan Africa,RWA,Low income,Sub-Saharan Africa,0.32,0,0.75,0.2,0.5,0,NO,NO,NO,NO,YES,YES,YES,NO,NO,NA,NA,NA,NA,0,0,0,0,0,0,NA,NA,YES,NO,NO,NO,YES,NA,CIV - RWA,NA
15000,OCAM,Côte d'Ivoire,Senegal,Multilateral,1971,1971,Terminated,CIV,Lower middle income,Sub-Saharan Africa,SEN,Lower middle income,Sub-Saharan Africa,0.32,0,0.75,0.2,0.5,0,NO,NO,NO,NO,YES,YES,YES,NO,NO,NA,NA,NA,NA,0,0,0,0,0,0,NA,NA,YES,NO,NO,NO,YES,NA,CIV - SEN,NA
15000,OCAM,Côte d'Ivoire,Togo,Multilateral,1971,1971,Terminated,CIV,Lower middle income,Sub-Saharan Africa,TGO,Low income,Sub-Saharan Africa,0.32,0,0.75,0.2,0.5,0,NO,NO,NO,NO,YES,YES,YES,NO,NO,NA,NA,NA,NA,0,0,0,0,0,0,NA,NA,YES,NO,NO,NO,YES,NA,CIV - TGO,NA
15000,OCAM,Madagascar,Mauritius,Multilateral,1971,1971,Terminated,MDG,Low income,Sub-Saharan Africa,MUS,Upper middle income,Sub-Saharan Africa,0.32,0,0.75,0.2,0.5,0,NO,NO,NO,NO,YES,YES,YES,NO,NO,NA,NA,NA,NA,0,0,0,0,0,0,NA,NA,YES,NO,NO,NO,YES,NA,MDG - MUS,NA
15000,OCAM,Madagascar,Niger,Multilateral,1971,1971,Terminated,MDG,Low income,Sub-Saharan Africa,NER,Low income,Sub-Saharan Africa,0.32,0,0.75,0.2,0.5,0,NO,NO,NO,NO,YES,YES,YES,NO,NO,NA,NA,NA,NA,0,0,0,0,0,0,NA,NA,YES,NO,NO,NO,YES,NA,MDG - NER,NA
15000,OCAM,Madagascar,Rwanda,Multilateral,1971,1971,Terminated,MDG,Low income,Sub-Saharan Africa,RWA,Low income,Sub-Saharan Africa,0.32,0,0.75,0.2,0.5,0,NO,NO,NO,NO,YES,YES,YES,NO,NO,NA,NA,NA,NA,0,0,0,0,0,0,NA,NA,YES,NO,NO,NO,YES,NA,MDG - RWA,NA
15000,OCAM,Madagascar,Senegal,Multilateral,1971,1971,Terminated,MDG,Low income,Sub-Saharan Africa,SEN,Lower middle income,Sub-Saharan Africa,0.32,0,0.75,0.2,0.5,0,NO,NO,NO,NO,YES,YES,YES,NO,NO,NA,NA,NA,NA,0,0,0,0,0,0,NA,NA,YES,NO,NO,NO,YES,NA,MDG - SEN,NA
15000,OCAM,Madagascar,Togo,Multilateral,1971,1971,Terminated,MDG,Low income,Sub-Saharan Africa,TGO,Low income,Sub-Saharan Africa,0.32,0,0.75,0.2,0.5,0,NO,NO,NO,NO,YES,YES,YES,NO,NO,NA,NA,NA,NA,0,0,0,0,0,0,NA,NA,YES,NO,NO,NO,YES,NA,MDG - TGO,NA
15000,OCAM,Mauritius,Niger,Multilateral,1971,1971,Terminated,MUS,Upper middle income,Sub-Saharan Africa,NER,Low income,Sub-Saharan Africa,0.32,0,0.75,0.2,0.5,0,NO,NO,NO,NO,YES,YES,YES,NO,NO,NA,NA,NA,NA,0,0,0,0,0,0,NA,NA,YES,NO,NO,NO,YES,NA,MUS - NER,NA
15000,OCAM,Mauritius,Rwanda,Multilateral,1971,1971,Terminated,MUS,Upper middle income,Sub-Saharan Africa,RWA,Low income,Sub-Saharan Africa,0.32,0,0.75,0.2,0.5,0,NO,NO,NO,NO,YES,YES,YES,NO,NO,NA,NA,NA,NA,0,0,0,0,0,0,NA,NA,YES,NO,NO,NO,YES,NA,MUS - RWA,NA
15000,OCAM,Mauritius,Senegal,Multilateral,1971,1971,Terminated,MUS,Upper middle income,Sub-Saharan Africa,SEN,Lower middle income,Sub-Saharan Africa,0.32,0,0.75,0.2,0.5,0,NO,NO,NO,NO,YES,YES,YES,NO,NO,NA,NA,NA,NA,0,0,0,0,0,0,NA,NA,YES,NO,NO,NO,YES,NA,MUS - SEN,NA
15000,OCAM,Mauritius,Togo,Multilateral,1971,1971,Terminated,MUS,Upper middle income,Sub-Saharan Africa,TGO,Low income,Sub-Saharan Africa,0.32,0,0.75,0.2,0.5,0,NO,NO,NO,NO,YES,YES,YES,NO,NO,NA,NA,NA,NA,0,0,0,0,0,0,NA,NA,YES,NO,NO,NO,YES,NA,MUS - TGO,NA
15000,OCAM,Niger,Rwanda,Multilateral,1971,1971,Terminated,NER,Low income,Sub-Saharan Africa,RWA,Low income,Sub-Saharan Africa,0.32,0,0.75,0.2,0.5,0,NO,NO,NO,NO,YES,YES,YES,NO,NO,NA,NA,NA,NA,0,0,0,0,0,0,NA,NA,YES,NO,NO,NO,YES,NA,NER - RWA,NA
15000,OCAM,Niger,Senegal,Multilateral,1971,1971,Terminated,NER,Low income,Sub-Saharan Africa,SEN,Lower middle income,Sub-Saharan Africa,0.32,0,0.75,0.2,0.5,0,NO,NO,NO,NO,YES,YES,YES,NO,NO,NA,NA,NA,NA,0,0,0,0,0,0,NA,NA,YES,NO,NO,NO,YES,NA,NER - SEN,NA
15000,OCAM,Niger,Togo,Multilateral,1971,1971,Terminated,NER,Low income,Sub-Saharan Africa,TGO,Low income,Sub-Saharan Africa,0.32,0,0.75,0.2,0.5,0,NO,NO,NO,NO,YES,YES,YES,NO,NO,NA,NA,NA,NA,0,0,0,0,0,0,NA,NA,YES,NO,NO,NO,YES,NA,NER - TGO,NA
15000,OCAM,Rwanda,Senegal,Multilateral,1971,1971,Terminated,RWA,Low income,Sub-Saharan Africa,SEN,Lower middle income,Sub-Saharan Africa,0.32,0,0.75,0.2,0.5,0,NO,NO,NO,NO,YES,YES,YES,NO,NO,NA,NA,NA,NA,0,0,0,0,0,0,NA,NA,YES,NO,NO,NO,YES,NA,RWA - SEN,NA
15000,OCAM,Rwanda,Togo,Multilateral,1971,1971,Terminated,RWA,Low income,Sub-Saharan Africa,TGO,Low income,Sub-Saharan Africa,0.32,0,0.75,0.2,0.5,0,NO,NO,NO,NO,YES,YES,YES,NO,NO,NA,NA,NA,NA,0,0,0,0,0,0,NA,NA,YES,NO,NO,NO,YES,NA,RWA - TGO,NA
15000,OCAM,Senegal,Togo,Multilateral,1971,1971,Terminated,SEN,Lower middle income,Sub-Saharan Africa,TGO,Low income,Sub-Saharan Africa,0.32,0,0.75,0.2,0.5,0,NO,NO,NO,NO,YES,YES,YES,NO,NO,NA,NA,NA,NA,0,0,0,0,0,0,NA,NA,YES,NO,NO,NO,YES,NA,SEN - TGO,NA
4570,NA,Sri Lanka,Slovenia,Pre-independence,1985,1987,Terminated,LKA,High income,Europe & Central Asia,SVN,Upper middle income,South Asia,0.45,0.41,0.58,0.38,0.44,9,NO,9,NO,NO,YES,NO,NO,NO,NO,YES,12.5,NA,12.5,10,10,10,10,10,0,NO,YES,YES,NO,NO,NO,NO,NA,LKA - SVN,NA
6143,NA,Uganda,South Africa,Pre-independence,1959,1953,Terminated,UGA,Upper middle income,Sub-Saharan Africa,ZAF,Low income,Sub-Saharan Africa,0.28,0,0.5,0.33,NA,NA,NA,NO,NO,NO,YES,NO,NO,NO,NA,NO,NA,NA,NA,NA,NA,NA,NA,NA,0,NA,NA,YES,NA,NA,NO,NO,NA,UGA - ZAF,NA
6152,NA,South Africa,Cyprus,Original,1960,1951,Terminated,ZAF,High income,Europe & Central Asia,CYP,Upper middle income,Sub-Saharan Africa,0.28,0,0.5,0.33,NA,NA,NA,NO,NO,NO,YES,NO,NO,NO,NA,NO,NA,NA,NA,NA,NA,NA,NA,NA,0,NA,NA,YES,NA,NA,NO,NO,NA,ZAF - CYP,NA
6153,NA,South Africa,"Gambia, The",Pre-independence,1960,1951,Terminated,ZAF,Low income,Sub-Saharan Africa,GMB,Upper middle income,Sub-Saharan Africa,0.28,0,0.5,0.33,NA,NA,NA,NO,NO,NO,YES,NO,NO,NO,NA,NO,NA,NA,NA,NA,NA,NA,NA,NA,0,NA,NA,YES,NA,NA,NO,NO,NA,ZAF - GMB,NA
6158,NA,Trinidad and Tobago,South Africa,Pre-independence,1960,1951,Terminated,TTO,Upper middle income,Sub-Saharan Africa,ZAF,High income,Latin America & Caribbean,0.28,0,0.5,0.33,NA,NA,NA,NO,NO,NO,YES,NO,NO,NO,NA,NO,NA,NA,NA,NA,NA,NA,NA,NA,0,NA,NA,YES,NA,NA,NO,NO,NA,TTO - ZAF,NA
6198,NA,Switzerland,Kenya,Original,1963,1961,Terminated,CHE,Lower middle income,Sub-Saharan Africa,KEN,High income,Europe & Central Asia,0.16,0,0.31,0.17,0.2,12,NO,NO,NO,NO,NO,NO,NO,NO,NO,NO,0,NA,0,0,0,NA,NA,NA,0,NO,NO,YES,NA,NA,NO,NO,NA,CHE - KEN,NA
6204,NA,Tanzania,Switzerland,Pre-independence,1963,1961,Terminated,TZA,High income,Europe & Central Asia,CHE,Low income,Sub-Saharan Africa,0.16,0,0.31,0.17,0.2,12,NO,NO,NO,NO,NO,NO,NO,NO,NO,NO,0,NA,0,0,0,NA,NA,NA,0,NO,NO,YES,NA,NA,NO,NO,NA,TZA - CHE,NA
6205,NA,"Yemen, Rep.",Switzerland,Pre-independence,1963,1961,Terminated,YEM,High income,Europe & Central Asia,CHE,Low income,Middle East & North Africa,0.16,0,0.31,0.17,0.2,12,NO,NO,NO,NO,NO,NO,NO,NO,NO,NO,0,NA,0,0,0,NA,NA,NA,0,NO,NO,YES,NA,NA,NO,NO,NA,YEM - CHE,NA
6300,NA,Sweden,Liberia,Original,1969,1968,Terminated,SWE,Low income,Sub-Saharan Africa,LBR,High income,Europe & Central Asia,0.42,0.63,0.47,0.17,0.33,6,NO,NO,NO,NO,YES,NO,NO,NO,NO,NO,10,50,15,25,15,20,20,20,0,NO,NO,YES,NA,NA,NO,NO,NA,SWE - LBR,NA
6320,NA,France,Comoros,Pre-independence,1970,1968,Terminated,FRA,Lower middle income,Sub-Saharan Africa,COM,High income,Europe & Central Asia,0.43,0.5,0.61,0.17,0.4,3,NO,NO,NO,NO,YES,YES,NO,NO,NO,NO,NO LIMIT,NA,NO LIMIT,NO LIMIT,NO LIMIT,0,0,0,0,NA,NA,YES,NO,NO,NO,YES,NA,FRA - COM,NA
6336,NA,Seychelles,Japan,Pre-independence,1970,1963,Terminated,SYC,High income,East Asia & Pacific,JPN,High income,Sub-Saharan Africa,0.35,0.25,0.31,0.5,0.33,12,YES,NO,YES,YES,YES,NO,NO,NO,NO,NO,0,NA,0,10,10,10,10,10,0,YES,YES,YES,NA,NA,NO,NO,NA,SYC - JPN,NA
6414,NA,United States,Ukraine,Pre-independence,1973,1976,Terminated,USA,Lower middle income,Europe & Central Asia,UKR,High income,North America,0.09,0.13,0.14,0,NA,NA,NO,NO,YES,NO,NO,NO,NO,NO,NO,NO,NA,NA,NA,0,NO LIMIT,0,0,0,0,NA,NA,NO,NA,NA,NO,NO,NA,USA - UKR,NA
6440,NA,North Macedonia,France,Pre-independence,1974,1975,Terminated,MKD,High income,Europe & Central Asia,FRA,Upper middle income,Europe & Central Asia,0.15,0.13,0.06,0.25,0.12,12,NO,NO,YES,YES,NO,NO,NO,NO,NO,NO,5,25,15,0,0,0,0,0,0,YES,NO,YES,NO,NO,NO,NO,NA,MKD - FRA,NA
6580,NA,Sudan,Romania,Original,1979,1982,Terminated,SDN,Upper middle income,Europe & Central Asia,ROU,Lower middle income,Sub-Saharan Africa,NA,NA,NA,NA,NA,NA,NA,NA,NA,NA,NA,NA,NA,NA,NA,NA,NA,NA,NA,NA,NA,NA,NA,NA,NA,NA,NA,NA,NA,NA,NA,NA,NA,SDN - ROU,NA
6602,NA,Norway,Armenia,Pre-independence,1980,1982,Terminated,NOR,Upper middle income,Europe & Central Asia,ARM,High income,Europe & Central Asia,0.19,0.25,0.31,0,0.13,12,NO,NO,NO,NO,NO,NO,NO,NO,NO,NO,20,NA,20,0,0,0,0,0,0,NO,NO,NO,NA,NO,NO,NO,NA,NOR - ARM,NA
6603,NA,Norway,Azerbaijan,Pre-independence,1980,1982,Terminated,NOR,Upper middle income,Europe & Central Asia,AZE,High income,Europe & Central Asia,0.19,0.25,0.31,0,0.13,12,NO,NO,NO,NO,NO,NO,NO,NO,NO,NO,20,NA,20,0,0,0,0,0,0,NO,NO,NO,NA,NO,NO,NO,NA,NOR - AZE,NA
6605,NA,Norway,Georgia,Pre-independence,1980,1982,Terminated,NOR,Upper middle income,Europe & Central Asia,GEO,High income,Europe & Central Asia,0.19,0.25,0.31,0,0.13,12,NO,NO,NO,NO,NO,NO,NO,NO,NO,NO,20,NA,20,0,0,0,0,0,0,NO,NA,NO,NA,NO,NO,NO,NA,NOR - GEO,NA
6608,NA,Norway,Moldova,Pre-independence,1980,1982,Terminated,NOR,Lower middle income,Europe & Central Asia,MDA,High income,Europe & Central Asia,0.19,0.25,0.31,0,0.17,12,NO,NO,NO,NO,NO,NO,NO,NA,NA,NA,20,NA,20,0,0,0,0,0,0,NO,NA,NO,NA,NO,NO,NO,NA,NOR - MDA,NA
6613,NA,Uzbekistan,Norway,Pre-independence,1980,1982,Terminated,UZB,High income,Europe & Central Asia,NOR,Lower middle income,Europe & Central Asia,0.19,0.25,0.31,0,0.17,12,NO,NO,NO,NO,NO,NO,NO,NA,NA,NA,20,NA,20,0,0,0,0,0,0,NO,NA,NO,NA,NO,NO,NO,NA,UZB - NOR,NA
6636,NA,Sweden,North Macedonia,Pre-independence,1980,1982,Terminated,SWE,Upper middle income,Europe & Central Asia,MKD,High income,Europe & Central Asia,0.1,0.13,0.06,0.13,0.06,12,NO,NO,YES,YES,NO,NO,NO,NO,NO,NO,5,25,15,0,0,0,0,0,0,NO,NO,YES,NO,NO,NO,NO,NA,SWE - MKD,NA
6657,NA,North Macedonia,Belgium,Pre-independence,1980,1984,Terminated,MKD,High income,Europe & Central Asia,BEL,Upper middle income,Europe & Central Asia,0.22,0.47,0.06,0.13,0.06,12,NO,NO,YES,YES,NO,NO,NO,NO,NO,NO,10,25,15,15,15,10,10,10,0,NO,NO,YES,NO,NO,NO,NO,NA,MKD - BEL,NA
6670,NA,Denmark,Bosnia and Herzegovina,Pre-independence,1981,1983,Terminated,DNK,Upper middle income,Europe & Central Asia,BIH,High income,Europe & Central Asia,0.15,0.25,0.06,0.13,0.06,12,NO,NO,YES,YES,NO,NO,NO,NO,NO,NO,5,25,15,0,0,10,10,10,0,NO,NO,YES,NO,NO,NO,NO,NA,DNK - BIH,NA
6675,NA,North Macedonia,Denmark,Pre-independence,1981,1983,Terminated,MKD,High income,Europe & Central Asia,DNK,Upper middle income,Europe & Central Asia,0.15,0.25,0.06,0.13,0.06,12,NO,NO,YES,YES,NO,NO,NO,NO,NO,NO,5,25,15,0,0,10,10,10,0,NO,NO,YES,NO,NO,NO,NO,NA,MKD - DNK,NA
6710,NA,Sweden,Armenia,Pre-independence,1981,1979,Terminated,SWE,Upper middle income,Europe & Central Asia,ARM,High income,Europe & Central Asia,0.08,0.19,0.04,0,0,18,NO,NO,NA,NA,NO,NO,NO,NO,NO,NO,15,NA,15,0,0,0,0,0,0,NO,NO,NO,NO,NA,NA,NA,NA,SWE - ARM,NA
6711,NA,Sweden,Azerbaijan,Pre-independence,1981,1979,Terminated,SWE,Upper middle income,Europe & Central Asia,AZE,High income,Europe & Central Asia,0.08,0.19,0.04,0,0,18,NO,NO,NA,NA,NO,NO,NO,NO,NO,NO,15,NA,15,0,0,0,0,0,0,NO,NO,NO,NO,NA,NA,NA,NA,SWE - AZE,NA
6713,NA,Sweden,Georgia,Pre-independence,1981,1979,Terminated,SWE,Upper middle income,Europe & Central Asia,GEO,High income,Europe & Central Asia,0.16,0.19,0.28,0,0.13,18,NO,NO,NO,NO,NO,NO,NO,NO,NO,NO,15,NA,15,0,0,0,0,0,0,NO,NO,NO,NA,NO,NO,NO,NA,SWE - GEO,NA
6720,NA,Uzbekistan,Sweden,Pre-independence,1981,1979,Terminated,UZB,High income,Europe & Central Asia,SWE,Lower middle income,Europe & Central Asia,0.16,0.19,0.28,0,0.13,18,NO,NO,NO,NO,NO,NO,NO,NO,NO,NO,15,NA,15,0,0,0,0,0,0,NO,NO,NO,NA,NO,NO,NO,NA,UZB - SWE,NA
6722,NA,Czech Republic,Bosnia and Herzegovina,Pre-independence,1981,1984,Terminated,CZE,Upper middle income,Europe & Central Asia,BIH,High income,Europe & Central Asia,0.15,0.25,0.06,0.13,0.06,12,NO,NO,YES,YES,NO,NO,NO,NO,NO,NO,5,25,15,0,0,10,10,10,0,NO,NO,YES,NO,NO,NO,NO,NA,CZE - BIH,NA
6728,NA,North Macedonia,Czech Republic,Pre-independence,1981,1984,Terminated,MKD,High income,Europe & Central Asia,CZE,Upper middle income,Europe & Central Asia,0.15,0.25,0.06,0.13,0.06,12,NO,NO,YES,YES,NO,NO,NO,NO,NO,NO,5,25,15,0,0,10,10,10,0,NO,NO,YES,NO,NO,NO,NO,NA,MKD - CZE,NA
6731,NA,Slovak Republic,North Macedonia,Pre-independence,1981,1984,Terminated,SVK,Upper middle income,Europe & Central Asia,MKD,High income,Europe & Central Asia,0.15,0.25,0.06,0.13,0.06,12,NO,NO,YES,YES,NO,NO,NO,NO,NO,NO,5,25,15,0,0,10,10,10,0,NO,NO,YES,NO,NO,NO,NO,NA,SVK - MKD,NA
6765,NA,Netherlands,North Macedonia,Pre-independence,1982,1984,Terminated,NLD,Upper middle income,Europe & Central Asia,MKD,High income,Europe & Central Asia,0.14,0.25,0.03,0.13,0.06,18,NO,NO,YES,YES,NO,NO,NO,NO,NO,NO,5,25,15,0,0,10,10,10,0,NO,NO,YES,NO,NO,NO,NO,NA,NLD - MKD,NA
6772,NA,North Macedonia,Italy,Pre-independence,1982,1986,Terminated,MKD,High income,Europe & Central Asia,ITA,Upper middle income,Europe & Central Asia,0.19,0.38,0.06,0.13,0.06,12,NO,NO,YES,YES,NO,NO,NO,NO,NO,NO,10,NA,10,10,10,10,10,10,0,NO,NO,YES,NO,NO,NO,NO,NA,MKD - ITA,NA
6828,NA,Norway,North Macedonia,Pre-independence,1983,1986,Terminated,NOR,Upper middle income,Europe & Central Asia,MKD,High income,Europe & Central Asia,0.21,0.31,0.19,0.13,0.12,12,YES,NO,YES,YES,NO,NO,NO,NO,NO,NO,15,NA,15,0,0,10,10,10,0,NO,NO,YES,NO,NO,NO,NO,NA,NOR - MKD,NA
6858,NA,Poland,Bosnia and Herzegovina,Pre-independence,1985,1986,Terminated,POL,Upper middle income,Europe & Central Asia,BIH,High income,Europe & Central Asia,0.17,0.38,0,0.13,0.06,24,NO,NO,YES,YES,NO,NO,NO,NO,NO,NO,5,25,15,10,10,10,10,10,0,NO,NO,YES,NO,NO,NO,NO,NA,POL - BIH,NA
6862,NA,Poland,North Macedonia,Pre-independence,1985,1986,Terminated,POL,Upper middle income,Europe & Central Asia,MKD,High income,Europe & Central Asia,0.17,0.38,0,0.13,0.06,24,NO,NO,YES,YES,NO,NO,NO,NO,NO,NO,5,25,15,10,10,10,10,10,0,NO,NO,YES,NO,NO,NO,NO,NA,POL - MKD,NA
6865,NA,Italy,Azerbaijan,Pre-independence,1985,1990,Terminated,ITA,Upper middle income,Europe & Central Asia,AZE,High income,Europe & Central Asia,0.15,0.19,0.25,0,0.15,36,NO,NO,NO,NO,NO,NO,NO,NO,NO,NO,15,NA,15,0,0,0,0,0,0,NA,NA,NO,NA,NA,NO,NO,NA,ITA - AZE,NA
6867,NA,Italy,Georgia,Pre-independence,1985,1990,Terminated,ITA,Upper middle income,Europe & Central Asia,GEO,High income,Europe & Central Asia,0.15,0.19,0.25,0,0.15,36,NO,NO,NO,NO,NO,NO,NO,NO,NO,NO,15,NA,15,0,0,0,0,0,0,NA,NA,NO,NA,NA,NO,NO,NA,ITA - GEO,NA
6869,NA,Kyrgyz Republic,Italy,Pre-independence,1985,1990,Terminated,KGZ,High income,Europe & Central Asia,ITA,Lower middle income,Europe & Central Asia,0.15,0.19,0.25,0,0.15,36,NO,NO,NO,NO,NO,NO,NO,NO,NO,NO,15,NA,15,0,0,0,0,0,0,NA,NA,NO,NA,NA,NO,NO,NA,KGZ - ITA,NA
6875,NA,Uzbekistan,Italy,Pre-independence,1985,1990,Terminated,UZB,High income,Europe & Central Asia,ITA,Lower middle income,Europe & Central Asia,0.15,0.19,0.25,0,0.15,36,NO,NO,NO,NO,NO,NO,NO,NO,NO,NO,15,NA,15,0,0,0,0,0,0,NA,NA,NO,NA,NA,NO,NO,NA,UZB - ITA,NA
6876,NA,Spain,Armenia,Pre-independence,1985,1987,Terminated,ESP,Upper middle income,Europe & Central Asia,ARM,High income,Europe & Central Asia,0.19,0.27,0.06,0.25,0.12,12,NO,NO,YES,YES,NO,NO,NO,NO,NO,NO,18,NA,18,0,0,5,0,5,0,YES,YES,NO,NO,NO,NO,NO,NA,ESP - ARM,NA
6877,NA,Spain,Azerbaijan,Pre-independence,1985,1987,Terminated,ESP,Upper middle income,Europe & Central Asia,AZE,High income,Europe & Central Asia,0.19,0.27,0.06,0.25,0.12,12,NO,NO,YES,YES,NO,NO,NO,NO,NO,NO,18,NA,18,0,0,5,0,5,0,YES,YES,NO,NO,NO,NO,NO,NA,ESP - AZE,NA
6879,NA,Spain,Georgia,Pre-independence,1985,1987,Terminated,ESP,Upper middle income,Europe & Central Asia,GEO,High income,Europe & Central Asia,0.19,0.27,0.06,0.25,0.12,12,NO,NO,YES,YES,NO,NO,NO,NO,NO,NO,18,NA,18,0,0,5,0,5,0,YES,YES,NO,NO,NO,NO,NO,NA,ESP - GEO,NA
6882,NA,Spain,Moldova,Pre-independence,1985,1987,Terminated,ESP,Lower middle income,Europe & Central Asia,MDA,High income,Europe & Central Asia,0.19,0.27,0.06,0.25,0.12,12,NO,NO,YES,YES,NO,NO,NO,NO,NO,NO,18,NA,18,0,0,5,0,5,0,YES,YES,NO,NO,NO,NO,NO,NA,ESP - MDA,NA
6899,NA,Canada,Armenia,Pre-independence,1985,1987,Terminated,CAN,Upper middle income,Europe & Central Asia,ARM,High income,North America,0.17,0.46,0.06,0,0,12,NO,NO,YES,YES,NO,NO,NO,NO,NO,NO,15,NA,15,15,15,10,0,10,0,NA,NA,NO,NO,NA,NO,NO,NA,CAN - ARM,NA
6900,NA,Canada,Azerbaijan,Pre-independence,1985,1987,Terminated,CAN,Upper middle income,Europe & Central Asia,AZE,High income,North America,0.17,0.46,0.06,0,0,12,NO,NO,YES,YES,NO,NO,NO,NO,NO,NO,15,NA,15,15,15,10,0,10,0,NA,NA,NO,NO,NA,NO,NO,NA,CAN - AZE,NA
6904,NA,Kyrgyz Republic,Canada,Pre-independence,1985,1987,Terminated,KGZ,High income,North America,CAN,Lower middle income,Europe & Central Asia,0.17,0.46,0.06,0,0,12,NO,NO,YES,YES,NO,NO,NO,NO,NO,NO,15,NA,15,15,15,10,0,10,0,NO,NA,NO,NO,NA,NO,NO,NA,KGZ - CAN,NA
6910,NA,Uzbekistan,Canada,Pre-independence,1985,1987,Terminated,UZB,High income,North America,CAN,Lower middle income,Europe & Central Asia,0.17,0.46,0.06,0,0,12,NO,NO,YES,YES,NO,NO,NO,NO,NO,NO,15,NA,15,15,15,10,0,10,0,NO,NA,NO,NO,NA,NO,NO,NA,UZB - CAN,NA
6936,NA,France,Armenia,Pre-independence,1985,1988,Terminated,FRA,Upper middle income,Europe & Central Asia,ARM,High income,Europe & Central Asia,0.19,0.31,0.13,0.13,0.12,24,NO,NO,YES,NO,NO,NO,NO,NO,NO,NO,15,NA,15,10,10,0,0,0,0,YES,NO,NO,NO,NO,NO,NO,NA,FRA - ARM,NA
6937,NA,France,Azerbaijan,Pre-independence,1985,1988,Terminated,FRA,Upper middle income,Europe & Central Asia,AZE,High income,Europe & Central Asia,0.15,0.31,0.13,0,0.07,24,NO,NO,YES,NO,NO,NO,NO,NO,NO,NO,15,NA,15,10,10,0,0,0,0,NA,NA,NO,NO,NO,NO,NO,NA,FRA - AZE,NA
6941,NA,Kyrgyz Republic,France,Pre-independence,1985,1988,Terminated,KGZ,High income,Europe & Central Asia,FRA,Lower middle income,Europe & Central Asia,0.17,0.25,0.13,0.14,0.13,24,NO,NO,YES,NO,NO,NO,NO,NO,NO,NO,15,NA,15,10,0,0,0,0,0,YES,NO,NO,NA,NO,NO,NO,NA,KGZ - FRA,NA
6954,NA,North Macedonia,Hungary,Pre-independence,1985,1988,Terminated,MKD,High income,Europe & Central Asia,HUN,Upper middle income,Europe & Central Asia,0.13,0.25,0,0.13,0.06,24,NO,NO,YES,YES,NO,NO,NO,NO,NO,NO,10,NA,10,0,0,10,10,10,0,NO,NO,YES,NO,NO,NO,NO,NA,MKD - HUN,NA
6959,NA,Japan,Azerbaijan,Pre-independence,1986,1987,Terminated,JPN,Upper middle income,Europe & Central Asia,AZE,High income,East Asia & Pacific,0.15,0.4,0.06,0,0,12,NO,NO,YES,YES,NO,NO,NO,NO,NO,NO,15,NA,15,10,10,10,0,10,0,NO,NO,NO,NO,NO,NO,NO,NA,JPN - AZE,NA
6980,NA,Romania,Bosnia and Herzegovina,Pre-independence,1986,1988,Terminated,ROU,Upper middle income,Europe & Central Asia,BIH,Upper middle income,Europe & Central Asia,0.14,0.28,0,0.13,0.06,24,NO,NO,YES,YES,NO,NO,NO,NO,NO,NO,5,NA,5,7.5,7.5,10,10,10,0,NO,NO,YES,NO,NO,NO,NO,NA,ROU - BIH,NA
6984,NA,Romania,North Macedonia,Pre-independence,1986,1988,Terminated,ROU,Upper middle income,Europe & Central Asia,MKD,Upper middle income,Europe & Central Asia,0.14,0.28,0,0.13,0.06,24,NO,NO,YES,YES,NO,NO,NO,NO,NO,NO,5,NA,5,7.5,7.5,10,10,10,0,NO,NO,YES,NO,NO,NO,NO,NA,ROU - MKD,NA
6992,NA,North Macedonia,Finland,Pre-independence,1986,1988,Terminated,MKD,High income,Europe & Central Asia,FIN,Upper middle income,Europe & Central Asia,0.15,0.25,0.06,0.13,0.06,12,NO,NO,YES,YES,NO,NO,NO,NO,NO,NO,5,25,15,0,0,10,10,10,0,NO,NO,YES,NO,NO,NO,NO,NA,MKD - FIN,NA
7012,NA,Switzerland,Armenia,Pre-independence,1986,1989,Terminated,CHE,Upper middle income,Europe & Central Asia,ARM,High income,Europe & Central Asia,NA,NA,NA,NA,NA,NA,NA,NA,NA,NA,NA,NA,NA,NA,NA,NA,NA,NA,NA,NA,NA,NA,NA,NA,NA,NA,NA,NA,NA,NA,NA,NA,NA,CHE - ARM,NA
7013,NA,Switzerland,Azerbaijan,Pre-independence,1986,1989,Terminated,CHE,Upper middle income,Europe & Central Asia,AZE,High income,Europe & Central Asia,NA,NA,NA,NA,NA,NA,NA,NA,NA,NA,NA,NA,NA,NA,NA,NA,NA,NA,NA,NA,NA,NA,NA,NA,NA,NA,NA,NA,NA,NA,NA,NA,NA,CHE - AZE,NA
7015,NA,Switzerland,Georgia,Pre-independence,1986,1989,Terminated,CHE,Upper middle income,Europe & Central Asia,GEO,High income,Europe & Central Asia,NA,NA,NA,NA,NA,NA,NA,NA,NA,NA,NA,NA,NA,NA,NA,NA,NA,NA,NA,NA,NA,NA,NA,NA,NA,NA,NA,NA,NA,NA,NA,NA,NA,CHE - GEO,NA
7018,NA,Switzerland,Moldova,Pre-independence,1986,1989,Terminated,CHE,Lower middle income,Europe & Central Asia,MDA,High income,Europe & Central Asia,NA,NA,NA,NA,NA,NA,NA,NA,NA,NA,NA,NA,NA,NA,NA,NA,NA,NA,NA,NA,NA,NA,NA,NA,NA,NA,NA,NA,NA,NA,NA,NA,NA,CHE - MDA,NA
7023,NA,Uzbekistan,Switzerland,Pre-independence,1986,1989,Terminated,UZB,High income,Europe & Central Asia,CHE,Lower middle income,Europe & Central Asia,NA,NA,NA,NA,NA,NA,NA,NA,NA,NA,NA,NA,NA,NA,NA,NA,NA,NA,NA,NA,NA,NA,NA,NA,NA,NA,NA,NA,NA,NA,NA,NA,NA,UZB - CHE,NA
7029,NA,Denmark,Armenia,Pre-independence,1986,1988,Terminated,DNK,Upper middle income,Europe & Central Asia,ARM,High income,Europe & Central Asia,0.15,0.19,0.25,0,0.13,24,NO,NO,NO,NO,NO,NO,NO,NO,NO,NO,15,NA,15,0,0,0,0,0,0,NO,NO,NO,NA,NO,NO,NO,NA,DNK - ARM,NA
7030,NA,Denmark,Azerbaijan,Pre-independence,1986,1988,Terminated,DNK,Upper middle income,Europe & Central Asia,AZE,High income,Europe & Central Asia,0.15,0.19,0.25,0,0.13,24,NO,NO,NO,NO,NO,NO,NO,NO,NO,NO,15,NA,15,0,0,0,0,0,0,NO,NO,NO,NA,NO,NO,NO,NA,DNK - AZE,NA
7034,NA,Kyrgyz Republic,Denmark,Pre-independence,1986,1988,Terminated,KGZ,High income,Europe & Central Asia,DNK,Lower middle income,Europe & Central Asia,0.15,0.19,0.25,0,0.14,24,NO,NO,NO,NO,NO,NO,NO,NA,NA,NO,15,NA,15,0,0,0,0,0,0,NO,NO,NO,NA,NO,NO,NO,NA,KGZ - DNK,NA
7046,NA,Netherlands,Armenia,Pre-independence,1986,1988,Terminated,NLD,Upper middle income,Europe & Central Asia,ARM,High income,Europe & Central Asia,0.08,0.19,0.06,0,0,12,NO,NO,YES,YES,NO,NO,NO,NO,NO,NO,15,NA,15,0,0,0,0,0,0,NO,NO,NO,NO,NO,NO,NO,NA,NLD - ARM,NA
7047,NA,Netherlands,Azerbaijan,Pre-independence,1986,1988,Terminated,NLD,Upper middle income,Europe & Central Asia,AZE,High income,Europe & Central Asia,0.08,0.19,0.06,0,0,12,NO,NO,YES,YES,NO,NO,NO,NO,NO,NO,15,NA,15,0,0,0,0,0,0,NO,NO,NO,NO,NO,NO,NO,NA,NLD - AZE,NA
7049,NA,Netherlands,Georgia,Pre-independence,1986,1988,Terminated,NLD,Upper middle income,Europe & Central Asia,GEO,High income,Europe & Central Asia,0.08,0.19,0.06,0,0,12,NO,NO,YES,YES,NO,NO,NO,NO,NO,NO,15,NA,15,0,0,0,0,0,0,NO,NO,NO,NO,NO,NO,NO,NA,NLD - GEO,NA
7052,NA,Netherlands,Moldova,Pre-independence,1986,1988,Terminated,NLD,Lower middle income,Europe & Central Asia,MDA,High income,Europe & Central Asia,0.08,0.19,0.06,0,0,12,NO,NO,YES,YES,NO,NO,NO,NO,NO,NO,15,NA,15,0,0,0,0,0,0,NO,NO,NO,NO,NO,NO,NO,NA,NLD - MDA,NA
7057,NA,Uzbekistan,Netherlands,Pre-independence,1986,1988,Terminated,UZB,High income,Europe & Central Asia,NLD,Lower middle income,Europe & Central Asia,0.08,0.19,0.06,0,0,12,NO,NO,YES,YES,NO,NO,NO,NO,NO,NO,15,NA,15,0,0,0,0,0,0,NO,NO,NO,NO,NO,NO,NO,NA,UZB - NLD,NA
7070,NA,North Macedonia,Germany,Pre-independence,1987,1989,Terminated,MKD,High income,Europe & Central Asia,DEU,Upper middle income,Europe & Central Asia,0.1,0.13,0.06,0.13,0.06,12,NO,NO,YES,YES,NO,NO,NO,NO,NO,NO,NA,NA,NA,0,0,10,10,10,0,NO,NO,YES,NO,NO,NO,NO,NA,MKD - DEU,NA
7087,NA,Malaysia,Kyrgyz Republic,Pre-independence,1987,1989,Terminated,MYS,Lower middle income,Europe & Central Asia,KGZ,Upper middle income,East Asia & Pacific,0.38,0.33,0.69,0.13,0.35,12,YES,NO,NO,NO,YES,NO,YES,NO,NO,NO,0,NA,0,15,15,10,15,10,0,NO,NO,NO,NO,YES,NO,NO,NA,MYS - KGZ,NA
7091,NA,Turkmenistan,Malaysia,Pre-independence,1987,1989,Terminated,TKM,Upper middle income,East Asia & Pacific,MYS,Upper middle income,Europe & Central Asia,0.34,0.33,0.56,0.13,0.29,12,NO,NO,NO,NO,YES,NO,YES,NO,NO,NO,0,NA,0,15,15,10,15,10,0,NO,NO,NO,NO,YES,NO,NO,NA,TKM - MYS,NA
7093,NA,Uzbekistan,Malaysia,Pre-independence,1987,1989,Terminated,UZB,Upper middle income,East Asia & Pacific,MYS,Lower middle income,Europe & Central Asia,0.38,0.33,0.69,0.13,0.35,12,YES,NO,NO,NO,YES,NO,YES,NO,NO,NO,0,NA,0,15,15,10,15,10,0,NO,NO,NO,NO,YES,NO,NO,NA,UZB - MYS,NA
7101,NA,Finland,Armenia,Pre-independence,1987,1987,Terminated,FIN,Upper middle income,Europe & Central Asia,ARM,High income,Europe & Central Asia,0,0,0,0,0,36,NO,NO,YES,YES,NO,NO,NO,NO,NO,NO,0,NA,0,0,0,0,0,0,0,NO,NO,NO,NO,NO,NO,NO,NA,FIN - ARM,NA
7102,NA,Finland,Azerbaijan,Pre-independence,1987,1987,Terminated,FIN,Upper middle income,Europe & Central Asia,AZE,High income,Europe & Central Asia,0,0,0,0,0,36,NO,NO,YES,YES,NO,NO,NO,NO,NO,NO,0,NA,0,0,0,0,0,0,0,NO,NO,NO,NO,NO,NO,NO,NA,FIN - AZE,NA
7106,NA,Kyrgyz Republic,Finland,Pre-independence,1987,1987,Terminated,KGZ,High income,Europe & Central Asia,FIN,Lower middle income,Europe & Central Asia,0,0,0,0,0,36,NO,NO,YES,YES,NO,NO,NO,NO,NO,NO,0,NA,0,0,0,0,0,0,0,NO,NO,NO,NO,NO,NO,NO,NA,KGZ - FIN,NA
7110,NA,Turkmenistan,Finland,Pre-independence,1987,1987,Terminated,TKM,High income,Europe & Central Asia,FIN,Upper middle income,Europe & Central Asia,0,0,0,0,0,36,NO,NO,YES,YES,NO,NO,NO,NO,NO,NO,0,NA,0,0,0,0,0,0,0,NO,NO,NO,NO,NO,NO,NO,NA,TKM - FIN,NA
7112,NA,Uzbekistan,Finland,Pre-independence,1987,1987,Terminated,UZB,High income,Europe & Central Asia,FIN,Lower middle income,Europe & Central Asia,0,0,0,0,0,36,NO,NO,YES,YES,NO,NO,NO,NO,NO,NO,0,NA,0,0,0,0,0,0,0,NO,NO,NO,NO,NO,NO,NO,NA,UZB - FIN,NA
7115,NA,Syrian Arab Republic,Romania,Original,1987,1993,Terminated,SYR,Upper middle income,Europe & Central Asia,ROU,Low income,Middle East & North Africa,NA,NA,NA,NA,NA,NA,NA,NA,NA,NA,NA,NA,NA,NA,NA,NA,NA,NA,NA,NA,NA,NA,NA,NA,NA,NA,NA,NA,NA,NA,NA,NA,NA,SYR - ROU,NA
7119,NA,Belgium,Azerbaijan,Pre-independence,1987,1990,Terminated,BEL,Upper middle income,Europe & Central Asia,AZE,High income,Europe & Central Asia,0.09,0.28,0,0,0,24,NO,NO,YES,YES,NO,NO,NO,NO,NO,NO,15,NA,15,15,0,0,0,0,0,NO,NO,NO,NO,NO,NO,NO,NA,BEL - AZE,NA
7159,NA,India,Belarus,Pre-independence,1988,1990,Terminated,IND,Upper middle income,Europe & Central Asia,BLR,Lower middle income,South Asia,0.65,0.85,0.59,0.5,0.59,6,YES,NO,NO,NO,YES,NO,NO,NO,NO,YES,15,NA,15,15,15,20,15,20,20,NO,YES,YES,NO,YES,NO,NO,NA,IND - BLR,NA
7160,NA,India,Georgia,Pre-independence,1988,1990,Terminated,IND,Upper middle income,Europe & Central Asia,GEO,Lower middle income,South Asia,0.65,0.85,0.59,0.5,0.59,6,YES,NO,NO,NO,YES,NO,NO,NO,NO,YES,15,NA,15,15,15,20,15,20,20,NO,YES,YES,NO,YES,NO,NO,NA,IND - GEO,NA
7161,NA,Kazakhstan,India,Pre-independence,1988,1990,Terminated,KAZ,Lower middle income,South Asia,IND,Upper middle income,Europe & Central Asia,0.65,0.85,0.59,0.5,0.59,6,YES,NO,NO,NO,YES,NO,NO,NO,NO,YES,15,NA,15,15,15,20,15,20,20,NO,YES,YES,NO,YES,NO,NO,NA,KAZ - IND,NA
7162,NA,Kyrgyz Republic,India,Pre-independence,1988,1990,Terminated,KGZ,Lower middle income,South Asia,IND,Lower middle income,Europe & Central Asia,0.65,0.85,0.59,0.5,0.59,6,YES,NO,NO,NO,YES,NO,NO,NO,NO,YES,15,NA,15,15,15,20,15,20,20,NO,YES,YES,NO,YES,NO,NO,NA,KGZ - IND,NA
7166,NA,Turkmenistan,India,Pre-independence,1988,1990,Terminated,TKM,Lower middle income,South Asia,IND,Upper middle income,Europe & Central Asia,0.65,0.85,0.59,0.5,0.59,6,YES,NO,NO,NO,YES,NO,NO,NO,NO,YES,15,NA,15,15,15,20,15,20,20,NO,YES,YES,NO,YES,NO,NO,NA,TKM - IND,NA
7168,NA,Uzbekistan,India,Pre-independence,1988,1990,Terminated,UZB,Lower middle income,South Asia,IND,Lower middle income,Europe & Central Asia,0.65,0.85,0.59,0.5,0.59,6,YES,NO,NO,NO,YES,NO,NO,NO,NO,YES,15,NA,15,15,15,20,15,20,20,NO,YES,YES,NO,YES,NO,NO,NA,UZB - IND,NA
9918,NA,Sweden,Kenya,Pre-independence,1958,1955,Terminated,SWE,Lower middle income,Sub-Saharan Africa,KEN,High income,Europe & Central Asia,0.13,0,0.19,0.2,0.14,12,NO,NO,NO,YES,NO,NO,NO,NO,NA,NO,0,NA,0,0,0,0,0,0,0,NO,NO,YES,NA,NA,NO,NO,NA,SWE - KEN,NA
9919,NA,Uganda,Sweden,Pre-independence,1958,1955,Terminated,UGA,High income,Europe & Central Asia,SWE,Low income,Sub-Saharan Africa,0.13,0,0.19,0.2,0.14,12,NO,NO,NO,YES,NO,NO,NO,NO,NA,NO,0,NA,0,0,0,0,0,0,0,NO,NO,YES,NA,NA,NO,NO,NA,UGA - SWE,NA
9920,NA,Tanzania,Sweden,Pre-independence,1958,1955,Terminated,TZA,High income,Europe & Central Asia,SWE,Low income,Sub-Saharan Africa,0.13,0,0.19,0.2,0.14,12,NO,NO,NO,YES,NO,NO,NO,NO,NA,NO,0,NA,0,0,0,0,0,0,0,NO,NO,YES,NA,NA,NO,NO,NA,TZA - SWE,NA
9921,NA,Zambia,Sweden,Pre-independence,1958,1955,Terminated,ZMB,High income,Europe & Central Asia,SWE,Lower middle income,Sub-Saharan Africa,0.13,0,0.19,0.2,0.14,12,NO,NO,NO,YES,NO,NO,NO,NO,NA,NO,0,NA,0,0,0,0,0,0,0,NO,NO,YES,NA,NA,NO,NO,NA,ZMB - SWE,NA
9922,NA,Zimbabwe,Sweden,Pre-independence,1958,1955,Terminated,ZWE,High income,Europe & Central Asia,SWE,Lower middle income,Sub-Saharan Africa,0.13,0,0.19,0.2,0.14,12,NO,NO,NO,YES,NO,NO,NO,NO,NA,NO,0,NA,0,0,0,0,0,0,0,NO,NO,YES,NA,NA,NO,NO,NA,ZWE - SWE,NA
10010,6123,Pakistan,Germany,Amended by protocol,1959,NA,Terminated,PAK,High income,Europe & Central Asia,DEU,Lower middle income,South Asia,NA,NA,NA,NA,NA,NA,NA,NA,NA,NA,NA,NA,NA,NA,NA,NA,NA,NA,NA,NA,NA,NA,NA,NA,NA,NA,NA,NA,NA,NA,NA,NA,NA,PAK - DEU,NA
10027,6123,Pakistan,Germany,Amended by protocol,1970,NA,Terminated,PAK,High income,Europe & Central Asia,DEU,Lower middle income,South Asia,0.22,0.44,0.22,0,0.17,6,NO,NO,YES,YES,YES,NO,NO,NO,NO,NO,10,NA,NO LIMIT,20,20,0,0,0,0,NA,NA,NA,NA,NA,NO,NO,NA,PAK - DEU,NA
10096,6130,India,Germany,Amended by protocol,1984,NA,Terminated,IND,High income,Europe & Central Asia,DEU,Lower middle income,South Asia,0.63,0.84,0.47,0.57,0.56,6,NO,NO,NO,NO,YES,NO,NO,NO,YES,NO,15,NA,15,15,10,20,20,20,20,NA,YES,YES,NO,YES,NO,NO,NA,IND - DEU,NA
10204,6390,Malta,Libya,Amended by protocol,1995,NA,Terminated,MLT,Upper middle income,Middle East & North Africa,LBY,High income,Middle East & North Africa,0.38,0.56,0.38,0.2,0.29,0,NO,NO,NO,NO,NO,NO,NO,NO,NO,NO,15,NA,15,15,15,15,15,15,0,NA,NA,YES,NO,NA,NO,NO,NA,MLT - LBY,NA
10227,6891,China,Belgium,Amended by protocol,1996,NA,Terminated,CHN,High income,Europe & Central Asia,BEL,Upper middle income,East Asia & Pacific,0.48,0.36,0.47,0.63,0.53,6,YES,6,YES,YES,NO,NO,YES,NO,YES,NO,10,NA,10,10,10,10,10,6,0,YES,YES,YES,NO,YES,NO,NO,NA,CHN - BEL,NA
10253,6350,South Africa,Netherlands,Amended by protocol,1998,NA,Terminated,ZAF,High income,Europe & Central Asia,NLD,Upper middle income,Sub-Saharan Africa,0.15,0.25,0.06,0.13,0.06,12,NO,NO,YES,YES,NO,NO,NO,NO,NO,NO,5,25,15,10,10,0,0,0,0,NO,NO,YES,NO,NO,NO,NO,NA,ZAF - NLD,NA
10292,6416,Morocco,Finland,Amended by protocol,2001,NA,Terminated,MAR,High income,Europe & Central Asia,FIN,Lower middle income,Middle East & North Africa,0.26,0.44,0.22,0.13,0.18,6,NO,NO,YES,YES,YES,NO,NO,NO,NO,NO,15,NA,15,10,10,10,10,10,0,NO,NO,YES,NO,NO,NO,YES,NA,MAR - FIN,NA
10367,7789,Switzerland,Argentina,Amended by protocol,2006,2001,Terminated,CHE,Upper middle income,Latin America & Caribbean,ARG,High income,Europe & Central Asia,0.42,0.54,0.59,0.14,0.44,6,YES,6,YES,YES,NO,YES,YES,NO,NO,NO,10,25,15,12,12,10,5,10,10,NO,NO,YES,NO,NA,NO,NO,NA,CHE - ARG,NA
10861,6165,Zimbabwe,Switzerland,Pre-independence,1961,NA,Terminated,ZWE,High income,Europe & Central Asia,CHE,Lower middle income,Sub-Saharan Africa,0.16,0,0.31,0.17,0.2,12,NO,NO,NO,NO,NO,NO,NO,NO,NO,NO,0,NA,0,0,0,NA,NA,NA,0,NO,NO,YES,NA,NA,NO,NO,NA,ZWE - CHE,NA
11004,6232,France,Gabon,Amended by protocol,1973,NA,Terminated,FRA,Upper middle income,Sub-Saharan Africa,GAB,High income,Europe & Central Asia,NA,NA,NA,NA,NA,NA,NA,NA,NA,NA,NA,NA,NA,NA,NA,NA,NA,NA,NA,NA,NA,NA,NA,NA,NA,NA,NA,NA,NA,NA,NA,NA,NA,FRA - GAB,NA
11008,6035,United Kingdom,Lesotho,Amended by protocol,1968,NA,Terminated,GBR,Lower middle income,Sub-Saharan Africa,LSO,High income,Europe & Central Asia,0.25,0,0.5,0.25,NA,NA,NA,NO,NO,NO,YES,NO,NO,NO,NO,NO,0,NA,0,NA,NA,0,0,0,0,NA,NA,YES,NA,NA,NO,NO,NA,GBR - LSO,NA
11014,6145,Pakistan,Switzerland,Amended by protocol,1962,NA,Terminated,PAK,High income,Europe & Central Asia,CHE,Lower middle income,South Asia,0.33,0.5,0.17,0.33,NA,NA,NA,NO,YES,YES,YES,NO,NO,NO,NO,YES,20,NA,20,30,30,0,0,0,0,NO,NA,YES,NO,NA,NO,NO,NA,PAK - CHE,NA
15000,OCAM,Burkina Faso,Benin,Multilateral,1971,1971,Terminated,BFA,Low income,Sub-Saharan Africa,BEN,Low income,Sub-Saharan Africa,0.32,0,0.75,0.2,0.5,0,NO,NO,NO,NO,YES,YES,YES,NO,NO,NA,NA,NA,NA,0,0,0,0,0,0,NA,NA,YES,NO,NO,NO,YES,NA,BFA - BEN,NA
15000,OCAM,Cameroon,Benin,Multilateral,1971,1971,Terminated,CMR,Low income,Sub-Saharan Africa,BEN,Lower middle income,Sub-Saharan Africa,0.32,0,0.75,0.2,0.5,0,NO,NO,NO,NO,YES,YES,YES,NO,NO,NA,NA,NA,NA,0,0,0,0,0,0,NA,NA,YES,NO,NO,NO,YES,NA,CMR - BEN,NA
15000,OCAM,Central African Republic,Benin,Multilateral,1971,1971,Terminated,CAF,Low income,Sub-Saharan Africa,BEN,Low income,Sub-Saharan Africa,0.32,0,0.75,0.2,0.5,0,NO,NO,NO,NO,YES,YES,YES,NO,NO,NA,NA,NA,NA,0,0,0,0,0,0,NA,NA,YES,NO,NO,NO,YES,NA,CAF - BEN,NA
15000,OCAM,Chad,Benin,Multilateral,1971,1971,Terminated,TCD,Low income,Sub-Saharan Africa,BEN,Low income,Sub-Saharan Africa,0.32,0,0.75,0.2,0.5,0,NO,NO,NO,NO,YES,YES,YES,NO,NO,NA,NA,NA,NA,0,0,0,0,0,0,NA,NA,YES,NO,NO,NO,YES,NA,TCD - BEN,NA
15000,OCAM,"Congo, Dem. Rep.",Benin,Multilateral,1971,1971,Terminated,COD,Low income,Sub-Saharan Africa,BEN,Low income,Sub-Saharan Africa,0.32,0,0.75,0.2,0.5,0,NO,NO,NO,NO,YES,YES,YES,NO,NO,NA,NA,NA,NA,0,0,0,0,0,0,NA,NA,YES,NO,NO,NO,YES,NA,COD - BEN,NA
15000,OCAM,"Congo, Rep.",Benin,Multilateral,1971,1971,Terminated,COG,Low income,Sub-Saharan Africa,BEN,Lower middle income,Sub-Saharan Africa,0.32,0,0.75,0.2,0.5,0,NO,NO,NO,NO,YES,YES,YES,NO,NO,NA,NA,NA,NA,0,0,0,0,0,0,NA,NA,YES,NO,NO,NO,YES,NA,COG - BEN,NA
15000,OCAM,Côte d'Ivoire,Benin,Multilateral,1971,1971,Terminated,CIV,Low income,Sub-Saharan Africa,BEN,Lower middle income,Sub-Saharan Africa,0.32,0,0.75,0.2,0.5,0,NO,NO,NO,NO,YES,YES,YES,NO,NO,NA,NA,NA,NA,0,0,0,0,0,0,NA,NA,YES,NO,NO,NO,YES,NA,CIV - BEN,NA
15000,OCAM,Madagascar,Benin,Multilateral,1971,1971,Terminated,MDG,Low income,Sub-Saharan Africa,BEN,Low income,Sub-Saharan Africa,0.32,0,0.75,0.2,0.5,0,NO,NO,NO,NO,YES,YES,YES,NO,NO,NA,NA,NA,NA,0,0,0,0,0,0,NA,NA,YES,NO,NO,NO,YES,NA,MDG - BEN,NA
15000,OCAM,Mauritius,Benin,Multilateral,1971,1971,Terminated,MUS,Low income,Sub-Saharan Africa,BEN,Upper middle income,Sub-Saharan Africa,0.32,0,0.75,0.2,0.5,0,NO,NO,NO,NO,YES,YES,YES,NO,NO,NA,NA,NA,NA,0,0,0,0,0,0,NA,NA,YES,NO,NO,NO,YES,NA,MUS - BEN,NA
15000,OCAM,Niger,Benin,Multilateral,1971,1971,Terminated,NER,Low income,Sub-Saharan Africa,BEN,Low income,Sub-Saharan Africa,0.32,0,0.75,0.2,0.5,0,NO,NO,NO,NO,YES,YES,YES,NO,NO,NA,NA,NA,NA,0,0,0,0,0,0,NA,NA,YES,NO,NO,NO,YES,NA,NER - BEN,NA
15000,OCAM,Rwanda,Benin,Multilateral,1971,1971,Terminated,RWA,Low income,Sub-Saharan Africa,BEN,Low income,Sub-Saharan Africa,0.32,0,0.75,0.2,0.5,0,NO,NO,NO,NO,YES,YES,YES,NO,NO,NA,NA,NA,NA,0,0,0,0,0,0,NA,NA,YES,NO,NO,NO,YES,NA,RWA - BEN,NA
15000,OCAM,Senegal,Benin,Multilateral,1971,1971,Terminated,SEN,Low income,Sub-Saharan Africa,BEN,Lower middle income,Sub-Saharan Africa,0.32,0,0.75,0.2,0.5,0,NO,NO,NO,NO,YES,YES,YES,NO,NO,NA,NA,NA,NA,0,0,0,0,0,0,NA,NA,YES,NO,NO,NO,YES,NA,SEN - BEN,NA
15000,OCAM,Togo,Benin,Multilateral,1971,1971,Terminated,TGO,Low income,Sub-Saharan Africa,BEN,Low income,Sub-Saharan Africa,0.32,0,0.75,0.2,0.5,0,NO,NO,NO,NO,YES,YES,YES,NO,NO,NA,NA,NA,NA,0,0,0,0,0,0,NA,NA,YES,NO,NO,NO,YES,NA,TGO - BEN,NA
15000,OCAM,Cameroon,Burkina Faso,Multilateral,1971,1971,Terminated,CMR,Low income,Sub-Saharan Africa,BFA,Lower middle income,Sub-Saharan Africa,0.32,0,0.75,0.2,0.5,0,NO,NO,NO,NO,YES,YES,YES,NO,NO,NA,NA,NA,NA,0,0,0,0,0,0,NA,NA,YES,NO,NO,NO,YES,NA,CMR - BFA,NA
15000,OCAM,Central African Republic,Burkina Faso,Multilateral,1971,1971,Terminated,CAF,Low income,Sub-Saharan Africa,BFA,Low income,Sub-Saharan Africa,0.32,0,0.75,0.2,0.5,0,NO,NO,NO,NO,YES,YES,YES,NO,NO,NA,NA,NA,NA,0,0,0,0,0,0,NA,NA,YES,NO,NO,NO,YES,NA,CAF - BFA,NA
15000,OCAM,Chad,Burkina Faso,Multilateral,1971,1971,Terminated,TCD,Low income,Sub-Saharan Africa,BFA,Low income,Sub-Saharan Africa,0.32,0,0.75,0.2,0.5,0,NO,NO,NO,NO,YES,YES,YES,NO,NO,NA,NA,NA,NA,0,0,0,0,0,0,NA,NA,YES,NO,NO,NO,YES,NA,TCD - BFA,NA
15000,OCAM,"Congo, Dem. Rep.",Burkina Faso,Multilateral,1971,1971,Terminated,COD,Low income,Sub-Saharan Africa,BFA,Low income,Sub-Saharan Africa,0.32,0,0.75,0.2,0.5,0,NO,NO,NO,NO,YES,YES,YES,NO,NO,NA,NA,NA,NA,0,0,0,0,0,0,NA,NA,YES,NO,NO,NO,YES,NA,COD - BFA,NA
15000,OCAM,"Congo, Rep.",Burkina Faso,Multilateral,1971,1971,Terminated,COG,Low income,Sub-Saharan Africa,BFA,Lower middle income,Sub-Saharan Africa,0.32,0,0.75,0.2,0.5,0,NO,NO,NO,NO,YES,YES,YES,NO,NO,NA,NA,NA,NA,0,0,0,0,0,0,NA,NA,YES,NO,NO,NO,YES,NA,COG - BFA,NA
15000,OCAM,Côte d'Ivoire,Burkina Faso,Multilateral,1971,1971,Terminated,CIV,Low income,Sub-Saharan Africa,BFA,Lower middle income,Sub-Saharan Africa,0.32,0,0.75,0.2,0.5,0,NO,NO,NO,NO,YES,YES,YES,NO,NO,NA,NA,NA,NA,0,0,0,0,0,0,NA,NA,YES,NO,NO,NO,YES,NA,CIV - BFA,NA
15000,OCAM,Madagascar,Burkina Faso,Multilateral,1971,1971,Terminated,MDG,Low income,Sub-Saharan Africa,BFA,Low income,Sub-Saharan Africa,0.32,0,0.75,0.2,0.5,0,NO,NO,NO,NO,YES,YES,YES,NO,NO,NA,NA,NA,NA,0,0,0,0,0,0,NA,NA,YES,NO,NO,NO,YES,NA,MDG - BFA,NA
15000,OCAM,Mauritius,Burkina Faso,Multilateral,1971,1971,Terminated,MUS,Low income,Sub-Saharan Africa,BFA,Upper middle income,Sub-Saharan Africa,0.32,0,0.75,0.2,0.5,0,NO,NO,NO,NO,YES,YES,YES,NO,NO,NA,NA,NA,NA,0,0,0,0,0,0,NA,NA,YES,NO,NO,NO,YES,NA,MUS - BFA,NA
15000,OCAM,Niger,Burkina Faso,Multilateral,1971,1971,Terminated,NER,Low income,Sub-Saharan Africa,BFA,Low income,Sub-Saharan Africa,0.32,0,0.75,0.2,0.5,0,NO,NO,NO,NO,YES,YES,YES,NO,NO,NA,NA,NA,NA,0,0,0,0,0,0,NA,NA,YES,NO,NO,NO,YES,NA,NER - BFA,NA
15000,OCAM,Rwanda,Burkina Faso,Multilateral,1971,1971,Terminated,RWA,Low income,Sub-Saharan Africa,BFA,Low income,Sub-Saharan Africa,0.32,0,0.75,0.2,0.5,0,NO,NO,NO,NO,YES,YES,YES,NO,NO,NA,NA,NA,NA,0,0,0,0,0,0,NA,NA,YES,NO,NO,NO,YES,NA,RWA - BFA,NA
15000,OCAM,Senegal,Burkina Faso,Multilateral,1971,1971,Terminated,SEN,Low income,Sub-Saharan Africa,BFA,Lower middle income,Sub-Saharan Africa,0.32,0,0.75,0.2,0.5,0,NO,NO,NO,NO,YES,YES,YES,NO,NO,NA,NA,NA,NA,0,0,0,0,0,0,NA,NA,YES,NO,NO,NO,YES,NA,SEN - BFA,NA
15000,OCAM,Togo,Burkina Faso,Multilateral,1971,1971,Terminated,TGO,Low income,Sub-Saharan Africa,BFA,Low income,Sub-Saharan Africa,0.32,0,0.75,0.2,0.5,0,NO,NO,NO,NO,YES,YES,YES,NO,NO,NA,NA,NA,NA,0,0,0,0,0,0,NA,NA,YES,NO,NO,NO,YES,NA,TGO - BFA,NA
15000,OCAM,Central African Republic,Cameroon,Multilateral,1971,1971,Terminated,CAF,Lower middle income,Sub-Saharan Africa,CMR,Low income,Sub-Saharan Africa,0.32,0,0.75,0.2,0.5,0,NO,NO,NO,NO,YES,YES,YES,NO,NO,NA,NA,NA,NA,0,0,0,0,0,0,NA,NA,YES,NO,NO,NO,YES,NA,CAF - CMR,NA
15000,OCAM,Chad,Cameroon,Multilateral,1971,1971,Terminated,TCD,Lower middle income,Sub-Saharan Africa,CMR,Low income,Sub-Saharan Africa,0.32,0,0.75,0.2,0.5,0,NO,NO,NO,NO,YES,YES,YES,NO,NO,NA,NA,NA,NA,0,0,0,0,0,0,NA,NA,YES,NO,NO,NO,YES,NA,TCD - CMR,NA
15000,OCAM,"Congo, Dem. Rep.",Cameroon,Multilateral,1971,1971,Terminated,COD,Lower middle income,Sub-Saharan Africa,CMR,Low income,Sub-Saharan Africa,0.32,0,0.75,0.2,0.5,0,NO,NO,NO,NO,YES,YES,YES,NO,NO,NA,NA,NA,NA,0,0,0,0,0,0,NA,NA,YES,NO,NO,NO,YES,NA,COD - CMR,NA
15000,OCAM,"Congo, Rep.",Cameroon,Multilateral,1971,1971,Terminated,COG,Lower middle income,Sub-Saharan Africa,CMR,Lower middle income,Sub-Saharan Africa,0.32,0,0.75,0.2,0.5,0,NO,NO,NO,NO,YES,YES,YES,NO,NO,NA,NA,NA,NA,0,0,0,0,0,0,NA,NA,YES,NO,NO,NO,YES,NA,COG - CMR,NA
15000,OCAM,Côte d'Ivoire,Cameroon,Multilateral,1971,1971,Terminated,CIV,Lower middle income,Sub-Saharan Africa,CMR,Lower middle income,Sub-Saharan Africa,0.32,0,0.75,0.2,0.5,0,NO,NO,NO,NO,YES,YES,YES,NO,NO,NA,NA,NA,NA,0,0,0,0,0,0,NA,NA,YES,NO,NO,NO,YES,NA,CIV - CMR,NA
15000,OCAM,Madagascar,Cameroon,Multilateral,1971,1971,Terminated,MDG,Lower middle income,Sub-Saharan Africa,CMR,Low income,Sub-Saharan Africa,0.32,0,0.75,0.2,0.5,0,NO,NO,NO,NO,YES,YES,YES,NO,NO,NA,NA,NA,NA,0,0,0,0,0,0,NA,NA,YES,NO,NO,NO,YES,NA,MDG - CMR,NA
15000,OCAM,Mauritius,Cameroon,Multilateral,1971,1971,Terminated,MUS,Lower middle income,Sub-Saharan Africa,CMR,Upper middle income,Sub-Saharan Africa,0.32,0,0.75,0.2,0.5,0,NO,NO,NO,NO,YES,YES,YES,NO,NO,NA,NA,NA,NA,0,0,0,0,0,0,NA,NA,YES,NO,NO,NO,YES,NA,MUS - CMR,NA
15000,OCAM,Niger,Cameroon,Multilateral,1971,1971,Terminated,NER,Lower middle income,Sub-Saharan Africa,CMR,Low income,Sub-Saharan Africa,0.32,0,0.75,0.2,0.5,0,NO,NO,NO,NO,YES,YES,YES,NO,NO,NA,NA,NA,NA,0,0,0,0,0,0,NA,NA,YES,NO,NO,NO,YES,NA,NER - CMR,NA
15000,OCAM,Rwanda,Cameroon,Multilateral,1971,1971,Terminated,RWA,Lower middle income,Sub-Saharan Africa,CMR,Low income,Sub-Saharan Africa,0.32,0,0.75,0.2,0.5,0,NO,NO,NO,NO,YES,YES,YES,NO,NO,NA,NA,NA,NA,0,0,0,0,0,0,NA,NA,YES,NO,NO,NO,YES,NA,RWA - CMR,NA
15000,OCAM,Senegal,Cameroon,Multilateral,1971,1971,Terminated,SEN,Lower middle income,Sub-Saharan Africa,CMR,Lower middle income,Sub-Saharan Africa,0.32,0,0.75,0.2,0.5,0,NO,NO,NO,NO,YES,YES,YES,NO,NO,NA,NA,NA,NA,0,0,0,0,0,0,NA,NA,YES,NO,NO,NO,YES,NA,SEN - CMR,NA
15000,OCAM,Togo,Cameroon,Multilateral,1971,1971,Terminated,TGO,Lower middle income,Sub-Saharan Africa,CMR,Low income,Sub-Saharan Africa,0.32,0,0.75,0.2,0.5,0,NO,NO,NO,NO,YES,YES,YES,NO,NO,NA,NA,NA,NA,0,0,0,0,0,0,NA,NA,YES,NO,NO,NO,YES,NA,TGO - CMR,NA
15000,OCAM,Chad,Central African Republic,Multilateral,1971,1971,Terminated,TCD,Low income,Sub-Saharan Africa,CAF,Low income,Sub-Saharan Africa,0.32,0,0.75,0.2,0.5,0,NO,NO,NO,NO,YES,YES,YES,NO,NO,NA,NA,NA,NA,0,0,0,0,0,0,NA,NA,YES,NO,NO,NO,YES,NA,TCD - CAF,NA
15000,OCAM,"Congo, Dem. Rep.",Central African Republic,Multilateral,1971,1971,Terminated,COD,Low income,Sub-Saharan Africa,CAF,Low income,Sub-Saharan Africa,0.32,0,0.75,0.2,0.5,0,NO,NO,NO,NO,YES,YES,YES,NO,NO,NA,NA,NA,NA,0,0,0,0,0,0,NA,NA,YES,NO,NO,NO,YES,NA,COD - CAF,NA
15000,OCAM,"Congo, Rep.",Central African Republic,Multilateral,1971,1971,Terminated,COG,Low income,Sub-Saharan Africa,CAF,Lower middle income,Sub-Saharan Africa,0.32,0,0.75,0.2,0.5,0,NO,NO,NO,NO,YES,YES,YES,NO,NO,NA,NA,NA,NA,0,0,0,0,0,0,NA,NA,YES,NO,NO,NO,YES,NA,COG - CAF,NA
15000,OCAM,Côte d'Ivoire,Central African Republic,Multilateral,1971,1971,Terminated,CIV,Low income,Sub-Saharan Africa,CAF,Lower middle income,Sub-Saharan Africa,0.32,0,0.75,0.2,0.5,0,NO,NO,NO,NO,YES,YES,YES,NO,NO,NA,NA,NA,NA,0,0,0,0,0,0,NA,NA,YES,NO,NO,NO,YES,NA,CIV - CAF,NA
15000,OCAM,Madagascar,Central African Republic,Multilateral,1971,1971,Terminated,MDG,Low income,Sub-Saharan Africa,CAF,Low income,Sub-Saharan Africa,0.32,0,0.75,0.2,0.5,0,NO,NO,NO,NO,YES,YES,YES,NO,NO,NA,NA,NA,NA,0,0,0,0,0,0,NA,NA,YES,NO,NO,NO,YES,NA,MDG - CAF,NA
15000,OCAM,Mauritius,Central African Republic,Multilateral,1971,1971,Terminated,MUS,Low income,Sub-Saharan Africa,CAF,Upper middle income,Sub-Saharan Africa,0.32,0,0.75,0.2,0.5,0,NO,NO,NO,NO,YES,YES,YES,NO,NO,NA,NA,NA,NA,0,0,0,0,0,0,NA,NA,YES,NO,NO,NO,YES,NA,MUS - CAF,NA
15000,OCAM,Niger,Central African Republic,Multilateral,1971,1971,Terminated,NER,Low income,Sub-Saharan Africa,CAF,Low income,Sub-Saharan Africa,0.32,0,0.75,0.2,0.5,0,NO,NO,NO,NO,YES,YES,YES,NO,NO,NA,NA,NA,NA,0,0,0,0,0,0,NA,NA,YES,NO,NO,NO,YES,NA,NER - CAF,NA
15000,OCAM,Rwanda,Central African Republic,Multilateral,1971,1971,Terminated,RWA,Low income,Sub-Saharan Africa,CAF,Low income,Sub-Saharan Africa,0.32,0,0.75,0.2,0.5,0,NO,NO,NO,NO,YES,YES,YES,NO,NO,NA,NA,NA,NA,0,0,0,0,0,0,NA,NA,YES,NO,NO,NO,YES,NA,RWA - CAF,NA
15000,OCAM,Senegal,Central African Republic,Multilateral,1971,1971,Terminated,SEN,Low income,Sub-Saharan Africa,CAF,Lower middle income,Sub-Saharan Africa,0.32,0,0.75,0.2,0.5,0,NO,NO,NO,NO,YES,YES,YES,NO,NO,NA,NA,NA,NA,0,0,0,0,0,0,NA,NA,YES,NO,NO,NO,YES,NA,SEN - CAF,NA
15000,OCAM,Togo,Central African Republic,Multilateral,1971,1971,Terminated,TGO,Low income,Sub-Saharan Africa,CAF,Low income,Sub-Saharan Africa,0.32,0,0.75,0.2,0.5,0,NO,NO,NO,NO,YES,YES,YES,NO,NO,NA,NA,NA,NA,0,0,0,0,0,0,NA,NA,YES,NO,NO,NO,YES,NA,TGO - CAF,NA
15000,OCAM,"Congo, Dem. Rep.",Chad,Multilateral,1971,1971,Terminated,COD,Low income,Sub-Saharan Africa,TCD,Low income,Sub-Saharan Africa,0.32,0,0.75,0.2,0.5,0,NO,NO,NO,NO,YES,YES,YES,NO,NO,NA,NA,NA,NA,0,0,0,0,0,0,NA,NA,YES,NO,NO,NO,YES,NA,COD - TCD,NA
15000,OCAM,"Congo, Rep.",Chad,Multilateral,1971,1971,Terminated,COG,Low income,Sub-Saharan Africa,TCD,Lower middle income,Sub-Saharan Africa,0.32,0,0.75,0.2,0.5,0,NO,NO,NO,NO,YES,YES,YES,NO,NO,NA,NA,NA,NA,0,0,0,0,0,0,NA,NA,YES,NO,NO,NO,YES,NA,COG - TCD,NA
15000,OCAM,Côte d'Ivoire,Chad,Multilateral,1971,1971,Terminated,CIV,Low income,Sub-Saharan Africa,TCD,Lower middle income,Sub-Saharan Africa,0.32,0,0.75,0.2,0.5,0,NO,NO,NO,NO,YES,YES,YES,NO,NO,NA,NA,NA,NA,0,0,0,0,0,0,NA,NA,YES,NO,NO,NO,YES,NA,CIV - TCD,NA
15000,OCAM,Madagascar,Chad,Multilateral,1971,1971,Terminated,MDG,Low income,Sub-Saharan Africa,TCD,Low income,Sub-Saharan Africa,0.32,0,0.75,0.2,0.5,0,NO,NO,NO,NO,YES,YES,YES,NO,NO,NA,NA,NA,NA,0,0,0,0,0,0,NA,NA,YES,NO,NO,NO,YES,NA,MDG - TCD,NA
15000,OCAM,Mauritius,Chad,Multilateral,1971,1971,Terminated,MUS,Low income,Sub-Saharan Africa,TCD,Upper middle income,Sub-Saharan Africa,0.32,0,0.75,0.2,0.5,0,NO,NO,NO,NO,YES,YES,YES,NO,NO,NA,NA,NA,NA,0,0,0,0,0,0,NA,NA,YES,NO,NO,NO,YES,NA,MUS - TCD,NA
15000,OCAM,Niger,Chad,Multilateral,1971,1971,Terminated,NER,Low income,Sub-Saharan Africa,TCD,Low income,Sub-Saharan Africa,0.32,0,0.75,0.2,0.5,0,NO,NO,NO,NO,YES,YES,YES,NO,NO,NA,NA,NA,NA,0,0,0,0,0,0,NA,NA,YES,NO,NO,NO,YES,NA,NER - TCD,NA
15000,OCAM,Rwanda,Chad,Multilateral,1971,1971,Terminated,RWA,Low income,Sub-Saharan Africa,TCD,Low income,Sub-Saharan Africa,0.32,0,0.75,0.2,0.5,0,NO,NO,NO,NO,YES,YES,YES,NO,NO,NA,NA,NA,NA,0,0,0,0,0,0,NA,NA,YES,NO,NO,NO,YES,NA,RWA - TCD,NA
15000,OCAM,Senegal,Chad,Multilateral,1971,1971,Terminated,SEN,Low income,Sub-Saharan Africa,TCD,Lower middle income,Sub-Saharan Africa,0.32,0,0.75,0.2,0.5,0,NO,NO,NO,NO,YES,YES,YES,NO,NO,NA,NA,NA,NA,0,0,0,0,0,0,NA,NA,YES,NO,NO,NO,YES,NA,SEN - TCD,NA
15000,OCAM,Togo,Chad,Multilateral,1971,1971,Terminated,TGO,Low income,Sub-Saharan Africa,TCD,Low income,Sub-Saharan Africa,0.32,0,0.75,0.2,0.5,0,NO,NO,NO,NO,YES,YES,YES,NO,NO,NA,NA,NA,NA,0,0,0,0,0,0,NA,NA,YES,NO,NO,NO,YES,NA,TGO - TCD,NA
15000,OCAM,"Congo, Rep.","Congo, Dem. Rep.",Multilateral,1971,1971,Terminated,COG,Low income,Sub-Saharan Africa,COD,Lower middle income,Sub-Saharan Africa,0.32,0,0.75,0.2,0.5,0,NO,NO,NO,NO,YES,YES,YES,NO,NO,NA,NA,NA,NA,0,0,0,0,0,0,NA,NA,YES,NO,NO,NO,YES,NA,COG - COD,NA
15000,OCAM,Côte d'Ivoire,"Congo, Dem. Rep.",Multilateral,1971,1971,Terminated,CIV,Low income,Sub-Saharan Africa,COD,Lower middle income,Sub-Saharan Africa,0.32,0,0.75,0.2,0.5,0,NO,NO,NO,NO,YES,YES,YES,NO,NO,NA,NA,NA,NA,0,0,0,0,0,0,NA,NA,YES,NO,NO,NO,YES,NA,CIV - COD,NA
15000,OCAM,Madagascar,"Congo, Dem. Rep.",Multilateral,1971,1971,Terminated,MDG,Low income,Sub-Saharan Africa,COD,Low income,Sub-Saharan Africa,0.32,0,0.75,0.2,0.5,0,NO,NO,NO,NO,YES,YES,YES,NO,NO,NA,NA,NA,NA,0,0,0,0,0,0,NA,NA,YES,NO,NO,NO,YES,NA,MDG - COD,NA
15000,OCAM,Mauritius,"Congo, Dem. Rep.",Multilateral,1971,1971,Terminated,MUS,Low income,Sub-Saharan Africa,COD,Upper middle income,Sub-Saharan Africa,0.32,0,0.75,0.2,0.5,0,NO,NO,NO,NO,YES,YES,YES,NO,NO,NA,NA,NA,NA,0,0,0,0,0,0,NA,NA,YES,NO,NO,NO,YES,NA,MUS - COD,NA
15000,OCAM,Niger,"Congo, Dem. Rep.",Multilateral,1971,1971,Terminated,NER,Low income,Sub-Saharan Africa,COD,Low income,Sub-Saharan Africa,0.32,0,0.75,0.2,0.5,0,NO,NO,NO,NO,YES,YES,YES,NO,NO,NA,NA,NA,NA,0,0,0,0,0,0,NA,NA,YES,NO,NO,NO,YES,NA,NER - COD,NA
15000,OCAM,Rwanda,"Congo, Dem. Rep.",Multilateral,1971,1971,Terminated,RWA,Low income,Sub-Saharan Africa,COD,Low income,Sub-Saharan Africa,0.32,0,0.75,0.2,0.5,0,NO,NO,NO,NO,YES,YES,YES,NO,NO,NA,NA,NA,NA,0,0,0,0,0,0,NA,NA,YES,NO,NO,NO,YES,NA,RWA - COD,NA
15000,OCAM,Senegal,"Congo, Dem. Rep.",Multilateral,1971,1971,Terminated,SEN,Low income,Sub-Saharan Africa,COD,Lower middle income,Sub-Saharan Africa,0.32,0,0.75,0.2,0.5,0,NO,NO,NO,NO,YES,YES,YES,NO,NO,NA,NA,NA,NA,0,0,0,0,0,0,NA,NA,YES,NO,NO,NO,YES,NA,SEN - COD,NA
15000,OCAM,Togo,"Congo, Dem. Rep.",Multilateral,1971,1971,Terminated,TGO,Low income,Sub-Saharan Africa,COD,Low income,Sub-Saharan Africa,0.32,0,0.75,0.2,0.5,0,NO,NO,NO,NO,YES,YES,YES,NO,NO,NA,NA,NA,NA,0,0,0,0,0,0,NA,NA,YES,NO,NO,NO,YES,NA,TGO - COD,NA
15000,OCAM,Côte d'Ivoire,"Congo, Rep.",Multilateral,1971,1971,Terminated,CIV,Lower middle income,Sub-Saharan Africa,COG,Lower middle income,Sub-Saharan Africa,0.32,0,0.75,0.2,0.5,0,NO,NO,NO,NO,YES,YES,YES,NO,NO,NA,NA,NA,NA,0,0,0,0,0,0,NA,NA,YES,NO,NO,NO,YES,NA,CIV - COG,NA
15000,OCAM,Madagascar,"Congo, Rep.",Multilateral,1971,1971,Terminated,MDG,Lower middle income,Sub-Saharan Africa,COG,Low income,Sub-Saharan Africa,0.32,0,0.75,0.2,0.5,0,NO,NO,NO,NO,YES,YES,YES,NO,NO,NA,NA,NA,NA,0,0,0,0,0,0,NA,NA,YES,NO,NO,NO,YES,NA,MDG - COG,NA
15000,OCAM,Mauritius,"Congo, Rep.",Multilateral,1971,1971,Terminated,MUS,Lower middle income,Sub-Saharan Africa,COG,Upper middle income,Sub-Saharan Africa,0.32,0,0.75,0.2,0.5,0,NO,NO,NO,NO,YES,YES,YES,NO,NO,NA,NA,NA,NA,0,0,0,0,0,0,NA,NA,YES,NO,NO,NO,YES,NA,MUS - COG,NA
15000,OCAM,Niger,"Congo, Rep.",Multilateral,1971,1971,Terminated,NER,Lower middle income,Sub-Saharan Africa,COG,Low income,Sub-Saharan Africa,0.32,0,0.75,0.2,0.5,0,NO,NO,NO,NO,YES,YES,YES,NO,NO,NA,NA,NA,NA,0,0,0,0,0,0,NA,NA,YES,NO,NO,NO,YES,NA,NER - COG,NA
15000,OCAM,Rwanda,"Congo, Rep.",Multilateral,1971,1971,Terminated,RWA,Lower middle income,Sub-Saharan Africa,COG,Low income,Sub-Saharan Africa,0.32,0,0.75,0.2,0.5,0,NO,NO,NO,NO,YES,YES,YES,NO,NO,NA,NA,NA,NA,0,0,0,0,0,0,NA,NA,YES,NO,NO,NO,YES,NA,RWA - COG,NA
15000,OCAM,Senegal,"Congo, Rep.",Multilateral,1971,1971,Terminated,SEN,Lower middle income,Sub-Saharan Africa,COG,Lower middle income,Sub-Saharan Africa,0.32,0,0.75,0.2,0.5,0,NO,NO,NO,NO,YES,YES,YES,NO,NO,NA,NA,NA,NA,0,0,0,0,0,0,NA,NA,YES,NO,NO,NO,YES,NA,SEN - COG,NA
15000,OCAM,Togo,"Congo, Rep.",Multilateral,1971,1971,Terminated,TGO,Lower middle income,Sub-Saharan Africa,COG,Low income,Sub-Saharan Africa,0.32,0,0.75,0.2,0.5,0,NO,NO,NO,NO,YES,YES,YES,NO,NO,NA,NA,NA,NA,0,0,0,0,0,0,NA,NA,YES,NO,NO,NO,YES,NA,TGO - COG,NA
15000,OCAM,Madagascar,Côte d'Ivoire,Multilateral,1971,1971,Terminated,MDG,Lower middle income,Sub-Saharan Africa,CIV,Low income,Sub-Saharan Africa,0.32,0,0.75,0.2,0.5,0,NO,NO,NO,NO,YES,YES,YES,NO,NO,NA,NA,NA,NA,0,0,0,0,0,0,NA,NA,YES,NO,NO,NO,YES,NA,MDG - CIV,NA
15000,OCAM,Mauritius,Côte d'Ivoire,Multilateral,1971,1971,Terminated,MUS,Lower middle income,Sub-Saharan Africa,CIV,Upper middle income,Sub-Saharan Africa,0.32,0,0.75,0.2,0.5,0,NO,NO,NO,NO,YES,YES,YES,NO,NO,NA,NA,NA,NA,0,0,0,0,0,0,NA,NA,YES,NO,NO,NO,YES,NA,MUS - CIV,NA
15000,OCAM,Niger,Côte d'Ivoire,Multilateral,1971,1971,Terminated,NER,Lower middle income,Sub-Saharan Africa,CIV,Low income,Sub-Saharan Africa,0.32,0,0.75,0.2,0.5,0,NO,NO,NO,NO,YES,YES,YES,NO,NO,NA,NA,NA,NA,0,0,0,0,0,0,NA,NA,YES,NO,NO,NO,YES,NA,NER - CIV,NA
15000,OCAM,Rwanda,Côte d'Ivoire,Multilateral,1971,1971,Terminated,RWA,Lower middle income,Sub-Saharan Africa,CIV,Low income,Sub-Saharan Africa,0.32,0,0.75,0.2,0.5,0,NO,NO,NO,NO,YES,YES,YES,NO,NO,NA,NA,NA,NA,0,0,0,0,0,0,NA,NA,YES,NO,NO,NO,YES,NA,RWA - CIV,NA
15000,OCAM,Senegal,Côte d'Ivoire,Multilateral,1971,1971,Terminated,SEN,Lower middle income,Sub-Saharan Africa,CIV,Lower middle income,Sub-Saharan Africa,0.32,0,0.75,0.2,0.5,0,NO,NO,NO,NO,YES,YES,YES,NO,NO,NA,NA,NA,NA,0,0,0,0,0,0,NA,NA,YES,NO,NO,NO,YES,NA,SEN - CIV,NA
15000,OCAM,Togo,Côte d'Ivoire,Multilateral,1971,1971,Terminated,TGO,Lower middle income,Sub-Saharan Africa,CIV,Low income,Sub-Saharan Africa,0.32,0,0.75,0.2,0.5,0,NO,NO,NO,NO,YES,YES,YES,NO,NO,NA,NA,NA,NA,0,0,0,0,0,0,NA,NA,YES,NO,NO,NO,YES,NA,TGO - CIV,NA
15000,OCAM,Mauritius,Madagascar,Multilateral,1971,1971,Terminated,MUS,Low income,Sub-Saharan Africa,MDG,Upper middle income,Sub-Saharan Africa,0.32,0,0.75,0.2,0.5,0,NO,NO,NO,NO,YES,YES,YES,NO,NO,NA,NA,NA,NA,0,0,0,0,0,0,NA,NA,YES,NO,NO,NO,YES,NA,MUS - MDG,NA
15000,OCAM,Niger,Madagascar,Multilateral,1971,1971,Terminated,NER,Low income,Sub-Saharan Africa,MDG,Low income,Sub-Saharan Africa,0.32,0,0.75,0.2,0.5,0,NO,NO,NO,NO,YES,YES,YES,NO,NO,NA,NA,NA,NA,0,0,0,0,0,0,NA,NA,YES,NO,NO,NO,YES,NA,NER - MDG,NA
15000,OCAM,Rwanda,Madagascar,Multilateral,1971,1971,Terminated,RWA,Low income,Sub-Saharan Africa,MDG,Low income,Sub-Saharan Africa,0.32,0,0.75,0.2,0.5,0,NO,NO,NO,NO,YES,YES,YES,NO,NO,NA,NA,NA,NA,0,0,0,0,0,0,NA,NA,YES,NO,NO,NO,YES,NA,RWA - MDG,NA
15000,OCAM,Senegal,Madagascar,Multilateral,1971,1971,Terminated,SEN,Low income,Sub-Saharan Africa,MDG,Lower middle income,Sub-Saharan Africa,0.32,0,0.75,0.2,0.5,0,NO,NO,NO,NO,YES,YES,YES,NO,NO,NA,NA,NA,NA,0,0,0,0,0,0,NA,NA,YES,NO,NO,NO,YES,NA,SEN - MDG,NA
15000,OCAM,Togo,Madagascar,Multilateral,1971,1971,Terminated,TGO,Low income,Sub-Saharan Africa,MDG,Low income,Sub-Saharan Africa,0.32,0,0.75,0.2,0.5,0,NO,NO,NO,NO,YES,YES,YES,NO,NO,NA,NA,NA,NA,0,0,0,0,0,0,NA,NA,YES,NO,NO,NO,YES,NA,TGO - MDG,NA
15000,OCAM,Niger,Mauritius,Multilateral,1971,1971,Terminated,NER,Upper middle income,Sub-Saharan Africa,MUS,Low income,Sub-Saharan Africa,0.32,0,0.75,0.2,0.5,0,NO,NO,NO,NO,YES,YES,YES,NO,NO,NA,NA,NA,NA,0,0,0,0,0,0,NA,NA,YES,NO,NO,NO,YES,NA,NER - MUS,NA
15000,OCAM,Rwanda,Mauritius,Multilateral,1971,1971,Terminated,RWA,Upper middle income,Sub-Saharan Africa,MUS,Low income,Sub-Saharan Africa,0.32,0,0.75,0.2,0.5,0,NO,NO,NO,NO,YES,YES,YES,NO,NO,NA,NA,NA,NA,0,0,0,0,0,0,NA,NA,YES,NO,NO,NO,YES,NA,RWA - MUS,NA
15000,OCAM,Senegal,Mauritius,Multilateral,1971,1971,Terminated,SEN,Upper middle income,Sub-Saharan Africa,MUS,Lower middle income,Sub-Saharan Africa,0.32,0,0.75,0.2,0.5,0,NO,NO,NO,NO,YES,YES,YES,NO,NO,NA,NA,NA,NA,0,0,0,0,0,0,NA,NA,YES,NO,NO,NO,YES,NA,SEN - MUS,NA
15000,OCAM,Togo,Mauritius,Multilateral,1971,1971,Terminated,TGO,Upper middle income,Sub-Saharan Africa,MUS,Low income,Sub-Saharan Africa,0.32,0,0.75,0.2,0.5,0,NO,NO,NO,NO,YES,YES,YES,NO,NO,NA,NA,NA,NA,0,0,0,0,0,0,NA,NA,YES,NO,NO,NO,YES,NA,TGO - MUS,NA
15000,OCAM,Rwanda,Niger,Multilateral,1971,1971,Terminated,RWA,Low income,Sub-Saharan Africa,NER,Low income,Sub-Saharan Africa,0.32,0,0.75,0.2,0.5,0,NO,NO,NO,NO,YES,YES,YES,NO,NO,NA,NA,NA,NA,0,0,0,0,0,0,NA,NA,YES,NO,NO,NO,YES,NA,RWA - NER,NA
15000,OCAM,Senegal,Niger,Multilateral,1971,1971,Terminated,SEN,Low income,Sub-Saharan Africa,NER,Lower middle income,Sub-Saharan Africa,0.32,0,0.75,0.2,0.5,0,NO,NO,NO,NO,YES,YES,YES,NO,NO,NA,NA,NA,NA,0,0,0,0,0,0,NA,NA,YES,NO,NO,NO,YES,NA,SEN - NER,NA
15000,OCAM,Togo,Niger,Multilateral,1971,1971,Terminated,TGO,Low income,Sub-Saharan Africa,NER,Low income,Sub-Saharan Africa,0.32,0,0.75,0.2,0.5,0,NO,NO,NO,NO,YES,YES,YES,NO,NO,NA,NA,NA,NA,0,0,0,0,0,0,NA,NA,YES,NO,NO,NO,YES,NA,TGO - NER,NA
15000,OCAM,Senegal,Rwanda,Multilateral,1971,1971,Terminated,SEN,Low income,Sub-Saharan Africa,RWA,Lower middle income,Sub-Saharan Africa,0.32,0,0.75,0.2,0.5,0,NO,NO,NO,NO,YES,YES,YES,NO,NO,NA,NA,NA,NA,0,0,0,0,0,0,NA,NA,YES,NO,NO,NO,YES,NA,SEN - RWA,NA
15000,OCAM,Togo,Rwanda,Multilateral,1971,1971,Terminated,TGO,Low income,Sub-Saharan Africa,RWA,Low income,Sub-Saharan Africa,0.32,0,0.75,0.2,0.5,0,NO,NO,NO,NO,YES,YES,YES,NO,NO,NA,NA,NA,NA,0,0,0,0,0,0,NA,NA,YES,NO,NO,NO,YES,NA,TGO - RWA,NA
15000,OCAM,Togo,Senegal,Multilateral,1971,1971,Terminated,TGO,Lower middle income,Sub-Saharan Africa,SEN,Low income,Sub-Saharan Africa,0.32,0,0.75,0.2,0.5,0,NO,NO,NO,NO,YES,YES,YES,NO,NO,NA,NA,NA,NA,0,0,0,0,0,0,NA,NA,YES,NO,NO,NO,YES,NA,TGO - SEN,NA
